"Original_cluster","nodes","#_of_connections","order","cluster","count","Clust_size_order","CDR3_Vgene"
"1","1 2","2",1,1,2,22,"CAAWDDSLSGLVF_IGLV1"
"1","1 2","2",2,1,2,22,"CAAWDDSLSGQVF_IGLV1"
"3","3 4","2",3,2,2,35,"CARAGYHSSTGRVYFDIW_IGHV3"
"3","3 4","2",4,2,2,35,"CARAGYHSSTGRVYFDVW_IGHV3"
"5","5 6","2",5,3,2,37,"CARDEKSADSGAEFYFDYW_IGHV1"
"5","5 6","2",6,3,2,37,"CARDEKSADSGAKFYFDYW_IGHV1"
"7","7 8","2",7,4,2,43,"CARDGAPYCRNGVCSIRFSGTVRYDPW_IGHV1"
"7","7 8","2",8,4,2,43,"CARDGAPYCSNGVCSIRFSGTVRYDPW_IGHV1"
"9","9 10","2",9,5,2,51,"CAREAPIAPHYFYYMDVW_IGHV4"
"9","9 10","2",10,5,2,51,"CAREAPIAPHYLYYMDVW_IGHV4"
"11","11 12","2",11,6,2,23,"CARESAHNWFDPW_IGHV4"
"11","11 12","2",12,6,2,23,"CARESAHNWIDPW_IGHV4"
"13","13 14","2",13,7,2,25,"CARGALNSPLDSW_IGHV3"
"13","13 14","2",14,7,2,25,"CARGALNSPLESW_IGHV3"
"15","15 16 17","3",15,8,3,16,"CARMMKSGTFDYW_IGHV1"
"15","15 16","2",16,8,3,16,"CARMMKSGTYDYW_IGHV1"
"15","15 17","2",17,8,3,16,"CARMMNSGTFDYW_IGHV1"
"18","18 184","2",18,9,2,32,"CATSPVGGTVVIPAEGYFDYW_IGHV5"
"19","19 20","2",19,10,2,33,"CHQYFSTPWTF_IGKV4"
"19","19 20","2",20,10,2,33,"CHQYYSTPWTF_IGKV4"
"21","21 183","2",21,11,2,34,"CLQATHFPRTF_IGKV2"
"22","22 23 24 28","4",22,12,11,3,"CMQALQIPYTF_IGKV2D"
"22","22 23 24 28","4",23,12,11,3,"CMQALQLPYTF_IGKV2D"
"22","22 23 24 28","4",24,12,11,3,"CMQALQPPYTF_IGKV2D"
"22","25 26 27 28","4",25,12,11,3,"CMQALQTPFTF_IGKV2D"
"22","25 26 27 28","4",26,12,11,3,"CMQALQTPLTF_IGKV2D"
"22","25 26 27 28 29 38","6",27,12,11,3,"CMQALQTPPTF_IGKV2D"
"22","22 23 24 25 26 27 28 31","8",28,12,11,3,"CMQALQTPYTF_IGKV2D"
"22","27 29 30 31 38","5",29,12,11,3,"CMQGLQTPPTF_IGKV2D"
"22","29 30 31","3",30,12,11,3,"CMQGLQTPWTF_IGKV2D"
"22","28 29 30 31","4",31,12,11,3,"CMQGLQTPYTF_IGKV2D"
"32","32 33","2",32,13,3,17,"CMQGTHWPGTF_IGKV2"
"32","32 33 37","3",33,13,3,17,"CMQGTHWPLTF_IGKV2"
"34","34 35 36","3",34,14,3,18,"CMQGTHWPPFTF_IGKV2"
"34","34 35 36","3",35,14,3,18,"CMQGTHWPPWTF_IGKV2"
"34","34 35 36","3",36,14,3,18,"CMQGTHWPPYTF_IGKV2"
"32","33 37","2",37,13,3,17,"CMQTTHWPLTF_IGKV2"
"22","27 29 38","3",38,12,11,3,"CMQVLQTPPTF_IGKV2D"
"39","39 40 41","3",39,15,4,12,"CNSRDSSGNHLVF_IGLV3"
"39","39 40 41","3",40,15,4,12,"CNSRDSSGNHQVF_IGLV3"
"39","39 40 41 42","4",41,15,4,12,"CNSRDSSGNHVVF_IGLV3"
"39","41 42","2",42,15,4,12,"CNSRDSSGNRVVF_IGLV3"
"43","43 44","2",43,16,2,36,"CPVPGPAGAVW_IGHV1"
"43","43 44","2",44,16,2,36,"CPVPGPPGAVW_IGHV1"
"45","45 48","2",45,17,6,7,"CQAWDSSNVVF_IGLV3"
"45","46 47 48","3",46,17,6,7,"CQAWDSSTGVF_IGLV3"
"45","46 47 48","3",47,17,6,7,"CQAWDSSTKVF_IGLV3"
"45","45 46 47 48 161","5",48,17,6,7,"CQAWDSSTVVF_IGLV3"
"49","49 146","2",49,18,12,2,"CQHYYSTPPTF_IGKV4"
"50","50 51","2",50,19,2,38,"CQKYNSAPLTF_IGKV1"
"50","50 51","2",51,19,2,38,"CQKYNSAPPTF_IGKV1"
"52","52 53 54","3",52,20,3,19,"CQQANSFPHTF_IGKV1"
"52","52 53 54","3",53,20,3,19,"CQQANSFPITF_IGKV1"
"52","52 53 54","3",54,20,3,19,"CQQANSFPLTF_IGKV1"
"55","55 97","2",55,21,2,39,"CQQFGSSPLYTF_IGKV3"
"56","56 57","2",56,22,10,5,"CQQLNSYPITF_IGKV1"
"56","56 57 131","3",57,22,10,5,"CQQLNSYPLTF_IGKV1"
"58","58 59","2",58,23,4,13,"CQQRRNWPLTF_IGKV3"
"58","58 59 67 68","4",59,23,4,13,"CQQRSNWPLTF_IGKV3"
"60","60 62 66","3",60,24,3,20,"CQQRSNWPPFTF_IGKV3"
"61","61 65","2",61,25,2,40,"CQQRSNWPPGLTF_IGKV3"
"60","60 62 66","3",62,24,3,20,"CQQRSNWPPITF_IGKV3"
"63","63 64","2",63,26,2,41,"CQQRSNWPPRFTF_IGKV3"
"63","63 64","2",64,26,2,41,"CQQRSNWPPRVTF_IGKV3"
"61","61 65","2",65,25,2,40,"CQQRSNWPPTLTF_IGKV3"
"60","60 62 66","3",66,24,3,20,"CQQRSNWPPWTF_IGKV3"
"58","59 67 68","3",67,23,4,13,"CQQRSNWPRTF_IGKV3"
"58","59 67 68","3",68,23,4,13,"CQQRSNWPWTF_IGKV3"
"69","69 71","2",69,27,2,42,"CQQSYIIPHTF_IGKV1D"
"70","70 82","2",70,28,2,44,"CQQSYITWWTF_IGKV1D"
"69","69 71","2",71,27,2,42,"CQQSYNIPHTF_IGKV1D"
"72","72 81","2",72,29,2,45,"CQQSYSMSFTF_IGKV1D"
"73","73 79","2",73,30,2,46,"CQQSYSSPTF_IGKV1D"
"74","74 75","2",74,31,5,8,"CQQSYSTHITF_IGKV1D"
"74","74 75 77 80","4",75,31,5,8,"CQQSYSTPITF_IGKV1D"
"76","76 78","2",76,32,2,47,"CQQSYSTPLYTF_IGKV1D"
"74","75 77 80","3",77,31,5,8,"CQQSYSTPPTF_IGKV1D"
"76","76 78","2",78,32,2,47,"CQQSYSTPQYTF_IGKV1D"
"73","73 79","2",79,30,2,46,"CQQSYSTPTF_IGKV1D"
"74","75 77 80 83","4",80,31,5,8,"CQQSYSTPYTF_IGKV1D"
"72","72 81","2",81,29,2,45,"CQQSYSTSFTF_IGKV1D"
"70","70 82","2",82,28,2,44,"CQQSYSTWWTF_IGKV1D"
"74","80 83","2",83,31,5,8,"CQQSYTTPYTF_IGKV1D"
"84","84 89","2",84,33,2,48,"CQQYDNLDTF_IGKV1"
"85","85 86","2",85,34,2,49,"CQQYDNLPRSTF_IGKV1"
"85","85 86","2",86,34,2,49,"CQQYDNLPRYTF_IGKV1"
"87","87 88","2",87,35,2,50,"CQQYDNLPVTF_IGKV1"
"87","87 88","2",88,35,2,50,"CQQYDNLPYTF_IGKV1"
"84","84 89","2",89,33,2,48,"CQQYDNLRTF_IGKV1"
"90","90 121","2",90,36,8,6,"CQQYDNWPPYTF_IGKV3"
"91","91 101","2",91,37,16,1,"CQQYGRSPQTF_IGKV3"
"91","92 103","2",92,37,16,1,"CQQYGSAPSTF_IGKV3"
"93","93 104","2",93,38,2,52,"CQQYGSSLTF_IGKV3"
"91","94 107 110","3",94,37,16,1,"CQQYGSSLYTF_IGKV3"
"91","95 96 101 102 103 105 107 108 109","9",95,37,16,1,"CQQYGSSPFTF_IGKV3"
"91","95 96 101 102 103 105 107 111","8",96,37,16,1,"CQQYGSSPLTF_IGKV3"
"55","55 97","2",97,21,2,39,"CQQYGSSPLYTF_IGKV3"
"98","98 99 100","3",98,39,3,21,"CQQYGSSPPAYTF_IGKV3"
"98","98 99 100","3",99,39,3,21,"CQQYGSSPPRYTF_IGKV3"
"98","98 99 100","3",100,39,3,21,"CQQYGSSPPTYTF_IGKV3"
"91","91 95 96 101 102 103 105 107","8",101,37,16,1,"CQQYGSSPQTF_IGKV3"
"91","95 96 101 102 103 105 107","7",102,37,16,1,"CQQYGSSPRTF_IGKV3"
"91","92 95 96 101 102 103 105 107","8",103,37,16,1,"CQQYGSSPSTF_IGKV3"
"93","93 104","2",104,38,2,52,"CQQYGSSPTF_IGKV3"
"91","95 96 101 102 103 105 107","7",105,37,16,1,"CQQYGSSPVTF_IGKV3"
"91","106 107","2",106,37,16,1,"CQQYGSSPYSF_IGKV3"
"91","94 95 96 101 102 103 105 106 107 110 112","11",107,37,16,1,"CQQYGSSPYTF_IGKV3"
"91","95 108 109","3",108,37,16,1,"CQQYGSSRFTF_IGKV3"
"91","95 108 109 110","4",109,37,16,1,"CQQYGSSSFTF_IGKV3"
"91","94 107 109 110","4",110,37,16,1,"CQQYGSSSYTF_IGKV3"
"91","96 111 112","3",111,37,16,1,"CQQYGTSPLTF_IGKV3"
"91","107 111 112","3",112,37,16,1,"CQQYGTSPYTF_IGKV3"
"90","113 120","2",113,36,8,6,"CQQYNMWPPWTF_IGKV3"
"90","114 120","2",114,36,8,6,"CQQYNNRPPWTF_IGKV3"
"115","115 123 125","3",115,40,4,9,"CQQYNNWPGTF_IGKV3"
"90","116 117 120 121","4",116,36,8,6,"CQQYNNWPPCTF_IGKV3"
"90","116 117 120 121 122","5",117,36,8,6,"CQQYNNWPPITF_IGKV3"
"118","118 119","2",118,41,3,14,"CQQYNNWPPKYTF_IGKV3"
"118","118 119 124","3",119,41,3,14,"CQQYNNWPPMYTF_IGKV3"
"90","113 114 116 117 120 121","6",120,36,8,6,"CQQYNNWPPWTF_IGKV3"
"90","90 116 117 120 121","5",121,36,8,6,"CQQYNNWPPYTF_IGKV3"
"90","117 122","2",122,36,8,6,"CQQYNNWPQITF_IGKV3"
"115","115 123 125","3",123,40,4,9,"CQQYNNWPRTF_IGKV3"
"118","119 124","2",124,41,3,14,"CQQYNNWPSMYTF_IGKV3"
"115","115 123 125 126","4",125,40,4,9,"CQQYNNWPWTF_IGKV3"
"115","125 126","2",126,40,4,9,"CQQYNNWQWTF_IGKV3"
"127","127 128","2",127,42,2,24,"CQQYNNWRTF_IGKV3"
"127","127 128","2",128,42,2,24,"CQQYNNWYTF_IGKV3"
"56","129 136","2",129,22,10,5,"CQQYNSSSRTF_IGKV1"
"56","130 131 132 133 134","5",130,22,10,5,"CQQYNSYPFTF_IGKV1"
"56","57 130 131 132 133 134","6",131,22,10,5,"CQQYNSYPLTF_IGKV1"
"56","130 131 132 133 134","5",132,22,10,5,"CQQYNSYPNTF_IGKV1"
"56","130 131 132 133 134 136","6",133,22,10,5,"CQQYNSYPRTF_IGKV1"
"56","130 131 132 133 134","5",134,22,10,5,"CQQYNSYPYTF_IGKV1"
"56","135 136","2",135,22,10,5,"CQQYNSYSITF_IGKV1"
"56","129 133 135 136","4",136,22,10,5,"CQQYNSYSRTF_IGKV1"
"49","137 138 139","3",137,18,12,2,"CQQYYDTPFTF_IGKV4"
"49","137 138 139 140 147 148","6",138,18,12,2,"CQQYYDTPRTF_IGKV4"
"49","137 138 139 149","4",139,18,12,2,"CQQYYDTPWTF_IGKV4"
"49","138 140 147 148","4",140,18,12,2,"CQQYYNTPRTF_IGKV4"
"141","141 142 143","3",141,43,3,15,"CQQYYSAPLTF_IGKV4"
"141","141 142","2",142,43,3,15,"CQQYYSAPWTF_IGKV4"
"141","141 143","2",143,43,3,15,"CQQYYSFPLTF_IGKV4"
"49","144 145 146 147","4",144,18,12,2,"CQQYYSTPGTF_IGKV4"
"49","144 145 146 147","4",145,18,12,2,"CQQYYSTPNTF_IGKV4"
"49","49 144 145 146 147","5",146,18,12,2,"CQQYYSTPPTF_IGKV4"
"49","138 140 144 145 146 147 148","7",147,18,12,2,"CQQYYSTPRTF_IGKV4"
"49","138 140 147 148 149 150","6",148,18,12,2,"CQQYYTTPRTF_IGKV4"
"49","139 148 149 150","4",149,18,12,2,"CQQYYTTPWTF_IGKV4"
"49","148 149 150","3",150,18,12,2,"CQQYYTTPYTF_IGKV4"
"151","151 152 153","3",151,44,4,10,"CQSADSSGTYLVF_IGLV3"
"151","151 152 153","3",152,44,4,10,"CQSADSSGTYRVF_IGLV3"
"151","151 152 153 154","4",153,44,4,10,"CQSADSSGTYWVF_IGLV3"
"151","153 154","2",154,44,4,10,"CQSADSSSTYWVF_IGLV3"
"155","155 156","2",155,45,2,26,"CQSYDKSLSGWVF_IGLV1"
"155","155 156","2",156,45,2,26,"CQSYDNSLSGWVF_IGLV1"
"157","157 160","2",157,46,2,27,"CQVWDSGSDHPVF_IGLV3"
"158","158 159","2",158,47,2,28,"CQVWDSSGDHHVVF_IGLV3"
"158","158 159","2",159,47,2,28,"CQVWDSSSDHHVVF_IGLV3"
"157","157 160","2",160,46,2,27,"CQVWDSSSDHPVF_IGLV3"
"45","48 161 162","3",161,17,6,7,"CQVWDSSTVVF_IGLV3"
"45","161 162","2",162,17,6,7,"CQVWDSTTVVF_IGLV3"
"163","163 175","2",163,48,10,4,"CSSNTSSSTLVF_IGLV2"
"164","164 166","2",164,49,2,29,"CSSYAGSNNFVF_IGLV2"
"165","165 167","2",165,50,2,30,"CSSYAGSNNFVVF_IGLV2"
"164","164 166","2",166,49,2,29,"CSSYAGSNNLVF_IGLV2"
"165","165 167","2",167,50,2,30,"CSSYAGSNNWVVF_IGLV2"
"163","168 179","2",168,48,10,4,"CSSYTSSNTWVF_IGLV2"
"169","169 170","2",169,51,2,31,"CSSYTSSSFVVF_IGLV2"
"169","169 170","2",170,51,2,31,"CSSYTSSSSVVF_IGLV2"
"171","171 172 176","3",171,52,4,11,"CSSYTSSSTFVVF_IGLV2"
"171","171 172","2",172,52,4,11,"CSSYTSSSTFYVF_IGLV2"
"163","173 175 177 178 179","5",173,48,10,4,"CSSYTSSSTHVF_IGLV2"
"171","174 176","2",174,52,4,11,"CSSYTSSSTLNVF_IGLV2"
"163","163 173 175 177 178 179 182","7",175,48,10,4,"CSSYTSSSTLVF_IGLV2"
"171","171 174 176","3",176,52,4,11,"CSSYTSSSTLVVF_IGLV2"
"163","173 175 177 178 179 180","6",177,48,10,4,"CSSYTSSSTQVF_IGLV2"
"163","173 175 177 178 179","5",178,48,10,4,"CSSYTSSSTRVF_IGLV2"
"163","168 173 175 177 178 179","6",179,48,10,4,"CSSYTSSSTWVF_IGLV2"
"163","177 180 181","3",180,48,10,4,"CSSYTTSSTQVF_IGLV2"
"163","180 181","2",181,48,10,4,"CSSYTTSSTVVF_IGLV2"
"163","175 182","2",182,48,10,4,"CTSYTSSSTLVF_IGLV2"
"21","21 183","2",183,11,2,34,"CVQATHFPRTF_IGKV2"
"18","18 184","2",184,9,2,32,"CVTSPVGGTVVIPAEGYFDYW_IGHV5"
