TRBV_gene	CDR3_beta	TRBJ_gene
TRBV10-1	CASPQTGTSGIGELFF	TRBJ2-2
TRBV10-1	CASSNRAGTGELFF	TRBJ2-2
TRBV10-1	CASSPAGPELSGNTIYF	TRBJ1-3
TRBV10-2	CASATTYEQYF	TRBJ2-7
TRBV10-2	CASKGYGKNIQYF	TRBJ2-4
TRBV10-2	CASRPTGPGYQPQHF	TRBJ1-5
TRBV10-2	CASSAVDSYEQYF	TRBJ2-7
TRBV10-2	CASSEGHSGANVLTF	TRBJ2-6
TRBV10-2	CASSELGGPPDTQYF	TRBJ2-3
TRBV10-2	CASSELSNEQFF	TRBJ2-1
TRBV10-2	CASSEMGGFSYNEQFF	TRBJ2-1
TRBV10-2	CASSESWQGQPGGYTF	TRBJ1-2
TRBV10-2	CASSSLGAGAIYEQYF	TRBJ2-7
TRBV10-3	CAIAPGGGVTEAFF	TRBJ1-1
TRBV10-3	CAIGEFGGANEDTQYF	TRBJ2-3
TRBV10-3	CAIKAGGPLDEQYF	TRBJ2-7
TRBV10-3	CAIKDAEGPYEQYF	TRBJ2-7
TRBV10-3	CAIRNDLKASGEQYF	TRBJ2-7
TRBV10-3	CAIRTGNTEAFF	TRBJ1-1
TRBV10-3	CAISADDRGFSGANVLTF	TRBJ2-6
TRBV10-3	CAISDGLAGGHLAKNIQYF	TRBJ2-4
TRBV10-3	CAISDGQGGYNEQFF	TRBJ2-1
TRBV10-3	CAISDGTSGSNEQFF	TRBJ2-1
TRBV10-3	CAISDTDRGPNTEAFF	TRBJ1-1
TRBV10-3	CAISELGLAGISNTGELFF	TRBJ2-2
TRBV10-3	CAISELKTFNTEAFF	TRBJ1-1
TRBV10-3	CAISEPGTSGPHPSDTQYF	TRBJ2-3
TRBV10-3	CAISESELGASQYF	TRBJ2-3
TRBV10-3	CAISESSQGDGYTF	TRBJ1-2
TRBV10-3	CAISGERGGYGIQYF	TRBJ2-4
TRBV10-3	CAISLKRGSYNEQFF	TRBJ2-1
TRBV10-3	CAISLRESSGANVLTF	TRBJ2-6
TRBV10-3	CAISPDGNQPQHF	TRBJ1-5
TRBV10-3	CAISPGPRTWETEAFF	TRBJ1-1
TRBV10-3	CAISPGSFGNQPQHF	TRBJ1-5
TRBV10-3	CAISVGRLDEQFF	TRBJ2-1
TRBV10-3	CAISVGSPEATGELFF	TRBJ2-2
TRBV10-3	CAISVRNEQFF	TRBJ2-1
TRBV10-3	CATGARTGVNYGYTF	TRBJ1-2
TRBV10-3	CATQQGGSTDTQYF	TRBJ2-3
TRBV11-1	CASSFGTGGNTEAFF	TRBJ1-1
TRBV11-1	CASSLARTGSGGYTF	TRBJ1-2
TRBV11-1	CASSLGQGLEAFF	TRBJ1-1
TRBV11-1	CASSSAPKGGVNEQFF	TRBJ2-1
TRBV11-2	CASQPGGAINEQFF	TRBJ2-1
TRBV11-2	CASRGTGELFF	TRBJ2-2
TRBV11-2	CASRPESETQYF	TRBJ2-5
TRBV11-2	CASSALGGGSYYEQYF	TRBJ2-7
TRBV11-2	CASSHPRGGAFAKNIQYF	TRBJ2-4
TRBV11-2	CASSLARGWQTQYF	TRBJ2-5
TRBV11-2	CASSLEPPTYEQYF	TRBJ2-7
TRBV11-2	CASSLESNGYTF	TRBJ1-2
TRBV11-2	CASSLGGRKGEQYF	TRBJ2-7
TRBV11-2	CASSLGLTGYGNTIYF	TRBJ1-3
TRBV11-2	CASSLGPPDTQYF	TRBJ2-3
TRBV11-2	CASSLGQGARSFF	TRBJ1-1
TRBV11-2	CASSLGQNTGELFF	TRBJ2-2
TRBV11-2	CASSLGTGAGYTF	TRBJ1-2
TRBV11-2	CASSLGTGVLGYTF	TRBJ1-2
TRBV11-2	CASSLGTTAPGIF	TRBJ1-1
TRBV11-2	CASSLGWGNQPQHF	TRBJ1-5
TRBV11-2	CASSLKQGVVYEQYF	TRBJ2-7
TRBV11-2	CASSLNSGKVDNEQFF	TRBJ2-1
TRBV11-2	CASSLRVGPPPDEQYF	TRBJ2-7
TRBV11-2	CASSLSILEDYGYTF	TRBJ1-2
TRBV11-2	CASSLVTDTDTQYF	TRBJ2-3
TRBV11-2	CASSLYGTVGLSGNTIYF	TRBJ1-3
TRBV11-2	CASSPGTFTYEQYF	TRBJ2-7
TRBV11-2	CASSPGTSGRAHNEQFF	TRBJ2-1
TRBV11-2	CASSPRFVTSGGGPRDEQFF	TRBJ2-1
TRBV11-2	CASSPRIGTQHDNEQFF	TRBJ2-1
TRBV11-2	CASSPRSYEAFF	TRBJ1-1
TRBV11-2	CASSPRTGSNTEAFF	TRBJ1-1
TRBV11-2	CASSPSNEQFF	TRBJ2-1
TRBV11-2	CASSQGGPAGEQYF	TRBJ2-7
TRBV11-2	CASSQQYEQYF	TRBJ2-7
TRBV11-2	CASSRGQGVFSGANVLTF	TRBJ2-6
TRBV11-2	CASSRTSGSPWPYNEQFF	TRBJ2-1
TRBV11-2	CASSSETYGYTF	TRBJ1-2
TRBV11-2	CASSSIGVTPYEQYF	TRBJ2-7
TRBV11-2	CASSSLDGRDGYTF	TRBJ1-2
TRBV11-2	CASSSLLAGKGNEQFF	TRBJ2-1
TRBV11-2	CASSTDRGVAQFF	TRBJ2-1
TRBV11-2	CASSTGTGGYEQYF	TRBJ2-7
TRBV11-2	CASSWDSNQPQHF	TRBJ1-5
TRBV11-2	CASSYGGWGYTF	TRBJ1-2
TRBV11-2	CASSYGTQAEAFF	TRBJ1-1
TRBV11-2	CASTLVGQDYEQYF	TRBJ2-7
TRBV11-2	CASTRLLGGRLGTDTQYF	TRBJ2-3
TRBV11-3	CASSLASDTQYF	TRBJ2-3
TRBV11-3	CASSPRTGGNQPQHF	TRBJ1-5
TRBV11-3	CASSQASDTQYF	TRBJ2-3
TRBV11-3	CASSSQVNEQFF	TRBJ2-1
TRBV11-3	CASSWRGNTGELFF	TRBJ2-2
TRBV12-3	CANQGGARNTGELFF	TRBJ2-2
TRBV12-3	CASNKNTGELFF	TRBJ2-2
TRBV12-3	CASRELMVGELFF	TRBJ2-2
TRBV12-3	CASRPDRLSGNTIYF	TRBJ1-3
TRBV12-3	CASRPSGYAQPQHF	TRBJ1-5
TRBV12-3	CASRQAGDSYEQYF	TRBJ2-7
TRBV12-3	CASRTSAGELFF	TRBJ2-2
TRBV12-3	CASSALGTSNTGELFF	TRBJ2-2
TRBV12-3	CASSDPGLARNEQFF	TRBJ2-1
TRBV12-3	CASSDSNNEKLFF	TRBJ1-4
TRBV12-3	CASSFGQGNNEQYF	TRBJ2-7
TRBV12-3	CASSHLVAGANVLTF	TRBJ2-6
TRBV12-3	CASSHPGYEQYF	TRBJ2-7
TRBV12-3	CASSLEDHRLSELNTEAFF	TRBJ1-1
TRBV12-3	CASSLGHSGGYTGELFF	TRBJ2-2
TRBV12-3	CASSLGILALARNQPQHF	TRBJ1-5
TRBV12-3	CASSLIPRNTGELFF	TRBJ2-2
TRBV12-3	CASSLKGLAGYNEQFF	TRBJ2-1
TRBV12-3	CASSLLRAETQYF	TRBJ2-5
TRBV12-3	CASSLQASYEQYF	TRBJ2-7
TRBV12-3	CASSPDRSSGANVLTF	TRBJ2-6
TRBV12-3	CASSPFGGEQYF	TRBJ2-7
TRBV12-3	CASSPGQKNSPLHF	TRBJ1-6
TRBV12-3	CASSPIRGQAGELFF	TRBJ2-2
TRBV12-3	CASSPMELGHVYGYTF	TRBJ1-2
TRBV12-3	CASSPRGGLGTEAFF	TRBJ1-1
TRBV12-3	CASSPRPGQINTDTQYF	TRBJ2-3
TRBV12-3	CASSPSSGSNEQFF	TRBJ2-1
TRBV12-3	CASSPTVYGYTF	TRBJ1-2
TRBV12-3	CASSRAGTGGVYGYTF	TRBJ1-2
TRBV12-3	CASSRGGPAYEQYF	TRBJ2-7
TRBV12-3	CASSRGHEAQPQHF	TRBJ1-5
TRBV12-3	CASSSGQGAAEAFF	TRBJ1-1
TRBV12-3	CASSTSGRAYEQYF	TRBJ2-7
TRBV12-3	CASSVMEGYTEAFF	TRBJ1-1
TRBV12-3	CASSWGTGGDTQYF	TRBJ2-3
TRBV12-3	CASSYLGQGRAEAFF	TRBJ1-1
TRBV12-3	CASTLLTGAGTGELFF	TRBJ2-2
TRBV12-3	CASTNRGDHRGELFF	TRBJ2-2
TRBV12-3	CASTTTGTGEKLFF	TRBJ1-4
TRBV12-4	CASGGASGANVLTF	TRBJ2-6
TRBV12-4	CASKRKGGSNTGELFF	TRBJ2-2
TRBV12-4	CASLQAGDRAFREQFF	TRBJ2-1
TRBV12-4	CASRKTSGRAPGELFF	TRBJ2-2
TRBV12-4	CASRQTSGGQETQYF	TRBJ2-5
TRBV12-4	CASRVGVNEQFF	TRBJ2-1
TRBV12-4	CASRVLGSRTGELFF	TRBJ2-2
TRBV12-4	CASSDRAYNEQFF	TRBJ2-1
TRBV12-4	CASSDRDRGHQPQHF	TRBJ1-5
TRBV12-4	CASSFAGYEAFF	TRBJ1-1
TRBV12-4	CASSFEWNEQFF	TRBJ2-1
TRBV12-4	CASSFGESGVNEQFF	TRBJ2-1
TRBV12-4	CASSFLGIWEETQYF	TRBJ2-5
TRBV12-4	CASSFRNSYEKLFF	TRBJ1-4
TRBV12-4	CASSILQGYYGYTF	TRBJ1-2
TRBV12-4	CASSLAGYEQFF	TRBJ2-1
TRBV12-4	CASSLDPAKNQPQHF	TRBJ1-5
TRBV12-4	CASSLGAHNSPLHF	TRBJ1-6
TRBV12-4	CASSLGGRTQYF	TRBJ2-3
TRBV12-4	CASSLHSGANVLTF	TRBJ2-6
TRBV12-4	CASSLLFGDSTPYGYTF	TRBJ1-2
TRBV12-4	CASSLPGQPTDTQYF	TRBJ2-3
TRBV12-4	CASSLPRVMSDTQYF	TRBJ2-3
TRBV12-4	CASSLQGVAKNIQYF	TRBJ2-4
TRBV12-4	CASSLTGYEQYF	TRBJ2-7
TRBV12-4	CASSLTNTQYF	TRBJ2-3
TRBV12-4	CASSLVAGVSAQYF	TRBJ2-3
TRBV12-4	CASSNRNTEAFF	TRBJ1-1
TRBV12-4	CASSPGLAAPQWFF	TRBJ2-1
TRBV12-4	CASSPGTWGETQYF	TRBJ2-5
TRBV12-4	CASSPLVDSLPESPGELFF	TRBJ2-2
TRBV12-4	CASSPSGTGELFF	TRBJ2-2
TRBV12-4	CASSQNPGLGEKLFF	TRBJ1-4
TRBV12-4	CASSRDSSQETQYF	TRBJ2-5
TRBV12-4	CASSRRRQTGNQPQHF	TRBJ1-5
TRBV12-4	CASSSPHQEEETQYF	TRBJ2-5
TRBV12-4	CASSSPLVWETQYF	TRBJ2-5
TRBV12-4	CASSSSGSNNEQFF	TRBJ2-1
TRBV12-4	CASSSTAYEQYF	TRBJ2-7
TRBV12-4	CASSSYLRQGISTEAFF	TRBJ1-1
TRBV12-4	CASSTRRIMGYTF	TRBJ1-2
TRBV12-4	CASSWTGVNTEAFF	TRBJ1-1
TRBV12-4	CATGQGDYQPQHF	TRBJ1-5
TRBV12-4	CATVQGATEAFF	TRBJ1-1
TRBV12-5	CASAARASSTDTQYF	TRBJ2-3
TRBV12-5	CASGFSAGNSNQPQHF	TRBJ1-5
TRBV12-5	CASGLEILAGAYNEQFF	TRBJ2-1
TRBV12-5	CASGLFGTGDTGELFF	TRBJ2-2
TRBV12-5	CASGLGASSYNEQFF	TRBJ2-1
TRBV12-5	CASGLGSGTALREQYF	TRBJ2-7
TRBV12-5	CASGLVIAGGAYNEQFF	TRBJ2-1
TRBV12-5	CASGLVPLAGGMNEQFF	TRBJ2-1
TRBV12-5	CASLLSFDGNTEAFF	TRBJ1-1
TRBV13	CASNRGGGNQPQHF	TRBJ1-5
TRBV13	CASSGEGSGERETSRSGANVLTF	TRBJ2-6
TRBV13	CASSLEGGEGRANTEAFF	TRBJ1-1
TRBV13	CASSLERGVRNEQFF	TRBJ2-1
TRBV13	CASSLGDRGIEAFF	TRBJ1-1
TRBV13	CASSLGRTGAYEQYF	TRBJ2-7
TRBV13	CASSLGTGYLGQYF	TRBJ2-7
TRBV13	CASSLLRTGATEAFF	TRBJ1-1
TRBV13	CASSPAGTGVREQYF	TRBJ2-7
TRBV13	CASSSIRGVEETQYF	TRBJ2-5
TRBV13	CASSSKQGYEQYF	TRBJ2-7
TRBV13	CASSYPDTAGHNEQFF	TRBJ2-1
TRBV14	CASQRTTSGGASEQFF	TRBJ2-1
TRBV14	CASRGFGNTIYF	TRBJ1-3
TRBV14	CASSHRTGDTQYF	TRBJ2-3
TRBV14	CASSHSPPSLAGSGNEQFF	TRBJ2-1
TRBV14	CASSLNIARPYEQYF	TRBJ2-7
TRBV14	CASSPGLAGASSYNEQFF	TRBJ2-1
TRBV14	CASSPTGTGIEEQFF	TRBJ2-1
TRBV14	CASSQGRGPRDEQFF	TRBJ2-1
TRBV14	CASSQKRQETQYF	TRBJ2-5
TRBV14	CASSQPPNSLYF	TRBJ2-7
TRBV14	CASSQSTGMGGYTF	TRBJ1-2
TRBV14	CASSQVPGGSGEQYF	TRBJ2-7
TRBV14	CASSREGVRNTGELFF	TRBJ2-2
TRBV14	CASSRYRARTEAFF	TRBJ1-1
TRBV14	CASSYTGGYGFTDTQYF	TRBJ2-3
TRBV15	CATRKESIGVGEAFF	TRBJ1-1
TRBV15	CATRTSSYNSPLHF	TRBJ1-6
TRBV15	CATSEQGAYGYTF	TRBJ1-2
TRBV15	CATSGARGSGNEQFF	TRBJ2-1
TRBV15	CATSNYGRLNSPLHF	TRBJ1-6
TRBV15	CATSRARGREKLFF	TRBJ1-4
TRBV15	CATSRDISGLADRDTQYF	TRBJ2-3
TRBV15	CATSRDPPSTAPIETQYF	TRBJ2-5
TRBV15	CATSRDRPGSYTEAFF	TRBJ1-1
TRBV15	CATSRDRQGWNIQYF	TRBJ2-4
TRBV15	CATSRDRSGGKWF	TRBJ1-1
TRBV15	CATSRDTPGRGAEAFF	TRBJ1-1
TRBV15	CATSRDVRESGYNEQFF	TRBJ2-1
TRBV15	CATSRDYPGTGAHEQYF	TRBJ2-7
TRBV15	CATSREGSSYEQYF	TRBJ2-7
TRBV15	CATSRELAGVYNEQFF	TRBJ2-1
TRBV15	CATSRGGTSGGDEQFF	TRBJ2-1
TRBV15	CATSRLPSGSTAGELFF	TRBJ2-2
TRBV15	CATSRPEGFPGELFF	TRBJ2-2
TRBV15	CATSRRGNSPLHF	TRBJ1-6
TRBV15	CATSSHDRVNGYTF	TRBJ1-2
TRBV15	CATSSRDRGPTNEKLFF	TRBJ1-4
TRBV15	CATSVLGLAKNIQYF	TRBJ2-4
TRBV16	CASSQLMGGTLAGQDYEQYF	TRBJ2-7
TRBV16	CASSQQDATNEKLFF	TRBJ1-4
TRBV18	CASSGGAAYEQYF	TRBJ2-7
TRBV18	CASSGRFYDIDEQYF	TRBJ2-7
TRBV18	CASSLDPQSYTF	TRBJ1-2
TRBV18	CASSLNRAEVEQYF	TRBJ2-7
TRBV18	CASSLSSGRANPYNEQFF	TRBJ2-1
TRBV18	CASSLTGGKDNSPLHF	TRBJ1-6
TRBV18	CASSLYGQEGQPQHF	TRBJ1-5
TRBV18	CASSPDLLGPDTQYF	TRBJ2-3
TRBV18	CASSPDRYYGYTF	TRBJ1-2
TRBV18	CASSPDYEQYF	TRBJ2-7
TRBV18	CASSPGETQYF	TRBJ2-5
TRBV18	CASSPGLAEEQFF	TRBJ2-1
TRBV18	CASSPGRDTQYF	TRBJ2-3
TRBV18	CASSPGSTDLNTEAFF	TRBJ1-1
TRBV18	CASSPHRPYNSPLHF	TRBJ1-6
TRBV18	CASSPMGQGWPDEQYF	TRBJ2-7
TRBV18	CASSPNTGPTNEKLFF	TRBJ1-4
TRBV18	CASSPPADTGELFF	TRBJ2-2
TRBV18	CASSPPDRAGNEQFF	TRBJ2-1
TRBV18	CASSPPGGPGANVLTF	TRBJ2-6
TRBV18	CASSPPGKNMWAFF	TRBJ1-1
TRBV18	CASSPPLRDPGELFF	TRBJ2-2
TRBV18	CASSPPSNQPQHF	TRBJ1-5
TRBV18	CASSPQYDRGNSPLHF	TRBJ1-6
TRBV18	CASSPSGGAYNSPLHF	TRBJ1-6
TRBV18	CASSPSRDTQYF	TRBJ2-3
TRBV18	CASSPSRGQWTEAFF	TRBJ1-1
TRBV18	CASSPTPLSAGELFF	TRBJ2-2
TRBV18	CASSPTRGGIQETQYF	TRBJ2-5
TRBV18	CASSPVNTEAFF	TRBJ1-1
TRBV18	CASSPYRGAQETQYF	TRBJ2-5
TRBV18	CASSQHYVQGTEAFF	TRBJ1-1
TRBV18	CASSRESNQPQHF	TRBJ1-5
TRBV18	CASSRRTGTGTPGETQYF	TRBJ2-5
TRBV18	CASSVGKNSGANVLTF	TRBJ2-6
TRBV19	CASGQLNTEAFF	TRBJ1-1
TRBV19	CASKISGSVSYNEQFF	TRBJ2-1
TRBV19	CASKTSGSIPYNEQFF	TRBJ2-1
TRBV19	CASNFDKYYGYTF	TRBJ1-2
TRBV19	CASNSGIQETQYF	TRBJ2-5
TRBV19	CASRAAGQRRQETQYF	TRBJ2-5
TRBV19	CASRDRALGYTF	TRBJ1-2
TRBV19	CASRDRGFRAEGYGYTF	TRBJ1-2
TRBV19	CASRGLADYEQYF	TRBJ2-7
TRBV19	CASRGQGATSYEQYF	TRBJ2-7
TRBV19	CASRGTQRTLEAFF	TRBJ1-1
TRBV19	CASRGVGYEQYF	TRBJ2-7
TRBV19	CASRLGGIAYNEQFF	TRBJ2-1
TRBV19	CASRPDSGRNTIYF	TRBJ1-3
TRBV19	CASSADRAGNTIYF	TRBJ1-3
TRBV19	CASSASPRTALSNQPQHF	TRBJ1-5
TRBV19	CASSATGDVETQYF	TRBJ2-5
TRBV19	CASSGRRDDNSPLHF	TRBJ1-6
TRBV19	CASSIAQDTDTQYF	TRBJ2-3
TRBV19	CASSIDPDNEQFF	TRBJ2-1
TRBV19	CASSIDVGAANYGYTF	TRBJ1-2
TRBV19	CASSIEEGTGELFF	TRBJ2-2
TRBV19	CASSIFPGQTTNYGYTF	TRBJ1-2
TRBV19	CASSIGGEGRAYNEQFF	TRBJ2-1
TRBV19	CASSIGLQETQYF	TRBJ2-5
TRBV19	CASSIGPTDGYTF	TRBJ1-2
TRBV19	CASSIGQVHYEQYF	TRBJ2-7
TRBV19	CASSIGWDGYTF	TRBJ1-2
TRBV19	CASSIKPTGALRRELFF	TRBJ2-2
TRBV19	CASSILASGRTDTQYF	TRBJ2-3
TRBV19	CASSILSGVNEQFF	TRBJ2-1
TRBV19	CASSIMAGRETQYF	TRBJ2-5
TRBV19	CASSIQGGAAGTQYF	TRBJ2-5
TRBV19	CASSIRVGGTYEQYF	TRBJ2-7
TRBV19	CASSIRVRAYEQYF	TRBJ2-7
TRBV19	CASSISGPPSYEQYF	TRBJ2-7
TRBV19	CASSISGTGELFF	TRBJ2-2
TRBV19	CASSISSTGGQPQHF	TRBJ1-5
TRBV19	CASSITGTSGGRSKNIQYF	TRBJ2-4
TRBV19	CASSITGVSTDTQYF	TRBJ2-3
TRBV19	CASSITGYGYTF	TRBJ1-2
TRBV19	CASSITSGRADTQYF	TRBJ2-3
TRBV19	CASSIVGTGAHQPQHF	TRBJ1-5
TRBV19	CASSIVVAAGYNEQFF	TRBJ2-1
TRBV19	CASSKGADMNTEAFF	TRBJ1-1
TRBV19	CASSKGRYYEQYF	TRBJ2-7
TRBV19	CASSLGYTEAFF	TRBJ1-1
TRBV19	CASSLTGIRAYEQYF	TRBJ2-7
TRBV19	CASSMGGRGRTGELFF	TRBJ2-2
TRBV19	CASSMLGNSPLHF	TRBJ1-6
TRBV19	CASSMRRTIPDTQYF	TRBJ2-3
TRBV19	CASSPAEGPRTNQPQHF	TRBJ1-5
TRBV19	CASSPNRYGEQFF	TRBJ2-1
TRBV19	CASSPRQGDTEAFF	TRBJ1-1
TRBV19	CASSQDVGSNQPQHF	TRBJ1-5
TRBV19	CASSQGAVVTDTQYF	TRBJ2-3
TRBV19	CASSQTGTGVGEQYF	TRBJ2-7
TRBV19	CASSRGLSNEQFF	TRBJ2-1
TRBV19	CASSSGTGSYTGELFF	TRBJ2-2
TRBV19	CASSSRGAQETQYF	TRBJ2-5
TRBV19	CASSSTGASDSPLHF	TRBJ1-6
TRBV19	CASSTLAMDTQYF	TRBJ2-3
TRBV19	CASSTLSLEKLFF	TRBJ1-4
TRBV19	CASTPVVNTEAFF	TRBJ1-1
TRBV19	CATLRTGGNTIYF	TRBJ1-3
TRBV19	CATQTGFGNQPQHF	TRBJ1-5
TRBV19	CATTRGAGTDTQYF	TRBJ2-3
TRBV2	CAGTIAGGPNEQFF	TRBJ2-1
TRBV2	CASGGHYGYTF	TRBJ1-2
TRBV2	CASIPGRGNGNQPQHF	TRBJ1-5
TRBV2	CASIRPNNEKLFF	TRBJ1-4
TRBV2	CASIRQGLNTEAFF	TRBJ1-1
TRBV2	CASLLDGLAGETQYF	TRBJ2-5
TRBV2	CASMGYGSGNQPQHF	TRBJ1-5
TRBV2	CASNRALETQYF	TRBJ2-5
TRBV2	CASQRDSTYEQYF	TRBJ2-7
TRBV2	CASRDRPAEAFF	TRBJ1-1
TRBV2	CASRDRVLGREKLFF	TRBJ1-4
TRBV2	CASRDRYTDTQYF	TRBJ2-3
TRBV2	CASRDTGSSQPQHF	TRBJ1-5
TRBV2	CASRLRGGVGYEQYF	TRBJ2-7
TRBV2	CASRPGDPWTEAFF	TRBJ1-1
TRBV2	CASRRDRGNEQFF	TRBJ2-1
TRBV2	CASRVTGSGNTIYF	TRBJ1-3
TRBV2	CASSAHRGLAGGELFF	TRBJ2-2
TRBV2	CASSDGGGRNQPQHF	TRBJ1-5
TRBV2	CASSDRTYSYEQYF	TRBJ2-7
TRBV2	CASSDSGSSYNEQFF	TRBJ2-1
TRBV2	CASSDSTDTQYF	TRBJ2-3
TRBV2	CASSDYGGYEQYF	TRBJ2-7
TRBV2	CASSEARGGMAQHF	TRBJ1-5
TRBV2	CASSEASWVGGTGELFF	TRBJ2-2
TRBV2	CASSEEQVEAFF	TRBJ1-1
TRBV2	CASSEERAGEKLFF	TRBJ1-4
TRBV2	CASSEQLAGTDTQYF	TRBJ2-3
TRBV2	CASSERATSAKNIQYF	TRBJ2-4
TRBV2	CASSERLAGGLGDTQYF	TRBJ2-3
TRBV2	CASSETEVSYNSPLHF	TRBJ1-6
TRBV2	CASSETGTSGPETAEQFF	TRBJ2-1
TRBV2	CASSEVEQFF	TRBJ2-1
TRBV2	CASSEWGTGAIQTFSGANVLTF	TRBJ2-6
TRBV2	CASSEYHRGSPLHF	TRBJ1-6
TRBV2	CASSGDRNTEAFF	TRBJ1-1
TRBV2	CASSGLASYEQYF	TRBJ2-7
TRBV2	CASSGSGAGANVLTF	TRBJ2-6
TRBV2	CASSGSISVQETQYF	TRBJ2-5
TRBV2	CASSGTGSRSGNTIYF	TRBJ1-3
TRBV2	CASSLGGEQFF	TRBJ2-1
TRBV2	CASSPLGGSSYNEQFF	TRBJ2-1
TRBV2	CASSPRVYQGTQYF	TRBJ2-5
TRBV2	CASSVRDSRWSEQFF	TRBJ2-1
TRBV2	CASSVSSYNEQFF	TRBJ2-1
TRBV2	CASSYLRGFWAKNIQYF	TRBJ2-4
TRBV2	CASTGTGVNTEAFF	TRBJ1-1
TRBV2	CASTRDPIFNYEQYF	TRBJ2-7
TRBV2	CASTSGAIKLFF	TRBJ1-4
TRBV2	CASTSGARDTQYF	TRBJ2-3
TRBV2	CASTTAWTSGREWAGELFF	TRBJ2-2
TRBV2	CASTYDRNQPQHF	TRBJ1-5
TRBV2	CASWSGRAHQETQYF	TRBJ2-5
TRBV2	CATGAGDSTDTQYF	TRBJ2-3
TRBV2	CATTRGYEQYF	TRBJ2-7
TRBV20-1	CRSGQIAGYTF	TRBJ1-2
TRBV20-1	CSAADAYEQYF	TRBJ2-7
TRBV20-1	CSAAGTGDLNSPLHF	TRBJ1-6
TRBV20-1	CSAFDNSGTRALHEQYF	TRBJ2-7
TRBV20-1	CSAFSGRRDSYEQYF	TRBJ2-7
TRBV20-1	CSAGNTWDSPLHF	TRBJ1-6
TRBV20-1	CSAHPSDHRNSPLHF	TRBJ1-6
TRBV20-1	CSAHWTSASYEQYF	TRBJ2-7
TRBV20-1	CSAIEVVSSYNEQFF	TRBJ2-1
TRBV20-1	CSAIRPRLYGYTF	TRBJ1-2
TRBV20-1	CSAISGLAASYEQYF	TRBJ2-7
TRBV20-1	CSAISVLASYNEQFF	TRBJ2-1
TRBV20-1	CSAITSGRTNTQYF	TRBJ2-3
TRBV20-1	CSAIYGAGSTDTQYF	TRBJ2-3
TRBV20-1	CSAKGQGYEQYF	TRBJ2-7
TRBV20-1	CSAKGQRGYTF	TRBJ1-2
TRBV20-1	CSAKPIAGGPNTQYF	TRBJ2-3
TRBV20-1	CSAKTGTEQETQYF	TRBJ2-5
TRBV20-1	CSALGQTYGYTF	TRBJ1-2
TRBV20-1	CSALHTDTQYF	TRBJ2-3
TRBV20-1	CSALTDRGRTEAFF	TRBJ1-1
TRBV20-1	CSANHGSYYEQYF	TRBJ2-7
TRBV20-1	CSANRRQNLNYGYTF	TRBJ1-2
TRBV20-1	CSAPEKNTIYF	TRBJ1-3
TRBV20-1	CSAPGLLNEQFF	TRBJ2-1
TRBV20-1	CSAPIRQDTEAFF	TRBJ1-1
TRBV20-1	CSAPNRGGMREQYF	TRBJ2-7
TRBV20-1	CSAPSGGALGADTQYF	TRBJ2-3
TRBV20-1	CSAPSTGTSGSFTGELFF	TRBJ2-2
TRBV20-1	CSAQGEVSYEQYF	TRBJ2-7
TRBV20-1	CSAQTNRPLAGGRAYNEQFF	TRBJ2-1
TRBV20-1	CSAQYSGTSGRRRSYNEQFF	TRBJ2-1
TRBV20-1	CSARAPPRGDEQYF	TRBJ2-7
TRBV20-1	CSARASGRGNIQYF	TRBJ2-4
TRBV20-1	CSARAVPLGGTQEQFF	TRBJ2-1
TRBV20-1	CSARDARGAVTGELFF	TRBJ2-2
TRBV20-1	CSARDDPGLLITDTQYF	TRBJ2-3
TRBV20-1	CSARDDTARRDEQYF	TRBJ2-7
TRBV20-1	CSARDEGPIIRTDTQYF	TRBJ2-3
TRBV20-1	CSARDHRTLAGELFF	TRBJ2-2
TRBV20-1	CSARDLREGLGANVLTF	TRBJ2-6
TRBV20-1	CSARDLTTLLETQYF	TRBJ2-5
TRBV20-1	CSARDPELGEPYNEQFF	TRBJ2-1
TRBV20-1	CSARDPGARRAGELFF	TRBJ2-2
TRBV20-1	CSARDPGTGVEKLFF	TRBJ1-4
TRBV20-1	CSARDPNTAGETQYF	TRBJ2-5
TRBV20-1	CSARDQDGQETQYF	TRBJ2-5
TRBV20-1	CSARDQFGGNLYNEQFF	TRBJ2-1
TRBV20-1	CSARDQGGSSPLHF	TRBJ1-6
TRBV20-1	CSARDQGGVNYGYTF	TRBJ1-2
TRBV20-1	CSARDRDFRNTIYF	TRBJ1-3
TRBV20-1	CSARDREDANYGYTF	TRBJ1-2
TRBV20-1	CSARDRKWGGGNTQYF	TRBJ2-3
TRBV20-1	CSARDRTSGSLAYEQYF	TRBJ2-7
TRBV20-1	CSARDSDSPATNEKLFF	TRBJ1-4
TRBV20-1	CSARDSSGWQNNEQFF	TRBJ2-1
TRBV20-1	CSARDSVAEAFF	TRBJ1-1
TRBV20-1	CSARDTADNEQFF	TRBJ2-1
TRBV20-1	CSARDTGREWGLNEQFF	TRBJ2-1
TRBV20-1	CSAREASSYEQYF	TRBJ2-7
TRBV20-1	CSAREETSGVYEQYF	TRBJ2-7
TRBV20-1	CSARENRDSGNTIYF	TRBJ1-3
TRBV20-1	CSAREPGGPADTQYF	TRBJ2-3
TRBV20-1	CSARERDYEQYF	TRBJ2-7
TRBV20-1	CSARESEGTYEQYF	TRBJ2-7
TRBV20-1	CSARESGGQPQHF	TRBJ1-5
TRBV20-1	CSAREVTSGLLEQYF	TRBJ2-7
TRBV20-1	CSARGLAEFTDTQYF	TRBJ2-3
TRBV20-1	CSARGPIADVYNEQFF	TRBJ2-1
TRBV20-1	CSARGRAIRDEQYF	TRBJ2-7
TRBV20-1	CSARIGREAGEQYF	TRBJ2-7
TRBV20-1	CSARKSDSPYTEAFF	TRBJ1-1
TRBV20-1	CSARKTGIVGQPQHF	TRBJ1-5
TRBV20-1	CSARLRLAGGQSYEQYF	TRBJ2-7
TRBV20-1	CSARMTSGWGEQYF	TRBJ2-7
TRBV20-1	CSARMWRDGLNYNYGYTF	TRBJ1-2
TRBV20-1	CSARNRDSGETDTQYF	TRBJ2-3
TRBV20-1	CSARNRDSGYSNQPQHF	TRBJ1-5
TRBV20-1	CSARNSAGSYEQYF	TRBJ2-7
TRBV20-1	CSARPGSSIAKNIQYF	TRBJ2-4
TRBV20-1	CSARPGTSGSAYEQYF	TRBJ2-7
TRBV20-1	CSARPRQSYSNQPQHF	TRBJ1-5
TRBV20-1	CSARPSGINSPLHF	TRBJ1-6
TRBV20-1	CSARPTGLDYEQYF	TRBJ2-7
TRBV20-1	CSARPVLAGGTDTQYF	TRBJ2-3
TRBV20-1	CSARPWNDGNTIYF	TRBJ1-3
TRBV20-1	CSARQGDTEAFF	TRBJ1-1
TRBV20-1	CSARQGPNYGYTF	TRBJ1-2
TRBV20-1	CSARQTSGSDEQFF	TRBJ2-1
TRBV20-1	CSARRDLKETQYF	TRBJ2-5
TRBV20-1	CSARRTGGGEETQYF	TRBJ2-5
TRBV20-1	CSARSDILINYGYTF	TRBJ1-2
TRBV20-1	CSARSGNQPQHF	TRBJ1-5
TRBV20-1	CSARSNRGLGNQPQHF	TRBJ1-5
TRBV20-1	CSARSQTGTGFETQYF	TRBJ2-5
TRBV20-1	CSARSSEGINYGYTF	TRBJ1-2
TRBV20-1	CSARTGAVYGYTF	TRBJ1-2
TRBV20-1	CSARTGGTDTQYF	TRBJ2-3
TRBV20-1	CSARVFRGSYEQYF	TRBJ2-7
TRBV20-1	CSARVLGRSSYEQYF	TRBJ2-7
TRBV20-1	CSASDPGTGLYEQYF	TRBJ2-7
TRBV20-1	CSASDRGGRAPDEQFF	TRBJ2-1
TRBV20-1	CSASDRRTYLSYGYTF	TRBJ1-2
TRBV20-1	CSASDWAAGTDTQYF	TRBJ2-3
TRBV20-1	CSASGELSYEQYF	TRBJ2-7
TRBV20-1	CSASGLAGGPGTYEQYF	TRBJ2-7
TRBV20-1	CSASGTSGGGTYNEQFF	TRBJ2-1
TRBV20-1	CSASLAGGPSQYF	TRBJ2-5
TRBV20-1	CSASLGQVYEQYF	TRBJ2-7
TRBV20-1	CSASLRNTEAFF	TRBJ1-1
TRBV20-1	CSASNRDRVNTGELFF	TRBJ2-2
TRBV20-1	CSASPDREVDRVDSPLHF	TRBJ1-6
TRBV20-1	CSASPGGNEKLFF	TRBJ1-4
TRBV20-1	CSASPYEQYF	TRBJ2-7
TRBV20-1	CSASRGQYYSNQPQHF	TRBJ1-5
TRBV20-1	CSASRQGVGTDTQYF	TRBJ2-3
TRBV20-1	CSASSGTFNEKLFF	TRBJ1-4
TRBV20-1	CSASTGIRSSGNTIYF	TRBJ1-3
TRBV20-1	CSASVSGWSYEQYF	TRBJ2-7
TRBV20-1	CSATDSGGQETQYF	TRBJ2-5
TRBV20-1	CSATKGGIGTEAFF	TRBJ1-1
TRBV20-1	CSATPGLAGGRYNEQFF	TRBJ2-1
TRBV20-1	CSATPQGGMGPNYGYTF	TRBJ1-2
TRBV20-1	CSATVGGVVNQPQHF	TRBJ1-5
TRBV20-1	CSAWGLAGIKDEQYF	TRBJ2-7
TRBV20-1	CSAYKSSTEAFF	TRBJ1-1
TRBV20-1	CSAYRTDQPKNIQYF	TRBJ2-4
TRBV20-1	CSPILAASTDTQYF	TRBJ2-3
TRBV20-1	CSTFGGPQNIQYF	TRBJ2-4
TRBV20-1	CSVGREWGDTQYF	TRBJ2-3
TRBV20-1	CSVPQMGRTYEQYF	TRBJ2-7
TRBV20-1	CTNYPMLGGREQYF	TRBJ2-7
TRBV20-1	CTPGGLDYNEQFF	TRBJ2-1
TRBV24-1	CATAKSSGGYEQYF	TRBJ2-7
TRBV24-1	CATIAGAPTLHYNEQFF	TRBJ2-1
TRBV24-1	CATRGGAEETQYF	TRBJ2-5
TRBV24-1	CATSAGGNSPLHF	TRBJ1-6
TRBV24-1	CATSAGTGTGGTGELFF	TRBJ2-2
TRBV24-1	CATSAVRGQGSGGAQSNEQFF	TRBJ2-1
TRBV24-1	CATSDAGTGTEVTGELFF	TRBJ2-2
TRBV24-1	CATSDFSGGGYTF	TRBJ1-2
TRBV24-1	CATSDKQGVNEQFF	TRBJ2-1
TRBV24-1	CATSDRAHGYTF	TRBJ1-2
TRBV24-1	CATSDSGGGGPLNEQFF	TRBJ2-1
TRBV24-1	CATSDSRRGRNTEAFF	TRBJ1-1
TRBV24-1	CATSDSRTNTEAFF	TRBJ1-1
TRBV24-1	CATSEGAGGRYNEQFF	TRBJ2-1
TRBV24-1	CATSEGGNQPQHF	TRBJ1-5
TRBV24-1	CATSGETNEKLFF	TRBJ1-4
TRBV24-1	CATSGKGQGTLTDTQYF	TRBJ2-3
TRBV24-1	CATSGMNTEAFF	TRBJ1-1
TRBV24-1	CATSSGSGGAGEQFF	TRBJ2-1
TRBV25-1	CASPHRGGGNQPQHF	TRBJ1-5
TRBV25-1	CASRKDGNYGYTF	TRBJ1-2
TRBV25-1	CASSDDTGHSNQPQHF	TRBJ1-5
TRBV25-1	CASSDQLGNTIYF	TRBJ1-3
TRBV25-1	CASSELDRGYGFNTEAFF	TRBJ1-1
TRBV25-1	CASSEQIYNEQFF	TRBJ2-1
TRBV25-1	CASSEWREAETQYF	TRBJ2-5
TRBV25-1	CASSEYVLAGGSEQYF	TRBJ2-7
TRBV25-1	CASSGLEGYGYTF	TRBJ1-2
TRBV25-1	CASSKLLAGGYEQYF	TRBJ2-7
TRBV25-1	CASSPIRAAWEEKLFF	TRBJ1-4
TRBV25-1	CASSTGPAAISTDTQYF	TRBJ2-3
TRBV25-1	CATQGGYYGYTF	TRBJ1-2
TRBV27	CASASGSFEQYF	TRBJ2-7
TRBV27	CASKGWDTEAFF	TRBJ1-1
TRBV27	CASKSDRGPNTQYF	TRBJ2-3
TRBV27	CASNNRRCTEAFF	TRBJ1-1
TRBV27	CASRGGLAGFNPHEQYF	TRBJ2-7
TRBV27	CASRVSGSFIQYF	TRBJ2-4
TRBV27	CASSFEGDRGGYSNSPLHF	TRBJ1-6
TRBV27	CASSFGPGLGYSPLHF	TRBJ1-6
TRBV27	CASSFIVGETQYF	TRBJ2-5
TRBV27	CASSFKSSGNTIYF	TRBJ1-3
TRBV27	CASSFLGAETQYF	TRBJ2-5
TRBV27	CASSKKTSGGLYNEQFF	TRBJ2-1
TRBV27	CASSLAGGYEQYF	TRBJ2-7
TRBV27	CASSLCGQGYEQYF	TRBJ2-7
TRBV27	CASSLDRGLSGYTF	TRBJ1-2
TRBV27	CASSLEASSYEQYF	TRBJ2-7
TRBV27	CASSLERGGRTDTQYF	TRBJ2-3
TRBV27	CASSLFSPHTNQPQHF	TRBJ1-5
TRBV27	CASSLGGGPYEQYF	TRBJ2-7
TRBV27	CASSLGQGINYGYTF	TRBJ1-2
TRBV27	CASSLLGAAARTQYF	TRBJ2-3
TRBV27	CASSLLGLSGEQYF	TRBJ2-7
TRBV27	CASSLLTGGPYEQYF	TRBJ2-7
TRBV27	CASSLLVAGGRPTQYF	TRBJ2-5
TRBV27	CASSLRTGTNYYGYTF	TRBJ1-2
TRBV27	CASSLSGNEQFF	TRBJ2-1
TRBV27	CASSLSGVRSYEQYF	TRBJ2-7
TRBV27	CASSLSPNYGASDTQYF	TRBJ2-3
TRBV27	CASSLYGQVMDTQYF	TRBJ2-3
TRBV27	CASSPDRFDYGYTF	TRBJ1-2
TRBV27	CASSPIAGGSSYEQYF	TRBJ2-7
TRBV27	CASSPPGVGTGGWPNTGELFF	TRBJ2-2
TRBV27	CASSPSGRNGGYTF	TRBJ1-2
TRBV27	CASSPVPQTYEQYF	TRBJ2-7
TRBV27	CASSRTANTEAFF	TRBJ1-1
TRBV27	CASSSAYTQYF	TRBJ2-3
TRBV27	CASSSHRTNSYEQYF	TRBJ2-7
TRBV27	CASSSIRVREKLFF	TRBJ1-4
TRBV27	CASSSLDRGNQPQHF	TRBJ1-5
TRBV27	CASSSSPLIGRGAYGYTF	TRBJ1-2
TRBV27	CASSVGLRRGSYNSPLHF	TRBJ1-6
TRBV27	CASSVISGTGSYEQYF	TRBJ2-7
TRBV27	CASSWKGRTHNEQFF	TRBJ2-1
TRBV27	CASSYRGSSYEQYF	TRBJ2-7
TRBV27	CASSYTTVNTQYF	TRBJ2-3
TRBV27	CASTLGALNEKLFF	TRBJ1-4
TRBV27	CATAPGGYNSPLHF	TRBJ1-6
TRBV28	CAGALGGREYQPQHF	TRBJ1-5
TRBV28	CASIYAVRGSYGYTF	TRBJ1-2
TRBV28	CASNQGAGLNQPQHF	TRBJ1-5
TRBV28	CASRDSQGFEKLFF	TRBJ1-4
TRBV28	CASRGAPEGGYTF	TRBJ1-2
TRBV28	CASRGGGVRYEQYF	TRBJ2-7
TRBV28	CASRGGTPNQPQHF	TRBJ1-5
TRBV28	CASRISGGVTDTQYF	TRBJ2-3
TRBV28	CASRLAGGGNYGYTF	TRBJ1-2
TRBV28	CASRVSSYEQYF	TRBJ2-7
TRBV28	CASSFPPGPKEEKLFF	TRBJ1-4
TRBV28	CASSFQTGTNYGYTF	TRBJ1-2
TRBV28	CASSFSNEQFF	TRBJ2-1
TRBV28	CASSGPGQNSMEQYF	TRBJ2-7
TRBV28	CASSGRGQGAEAFF	TRBJ1-1
TRBV28	CASSGSYNEQFF	TRBJ2-1
TRBV28	CASSHPSGGTSYEQYF	TRBJ2-7
TRBV28	CASSLARAGEQYF	TRBJ2-7
TRBV28	CASSLDGDGVRGPWGEKYNEQFF	TRBJ2-1
TRBV28	CASSLDRSEKLFF	TRBJ1-4
TRBV28	CASSLGPRLSNEQYF	TRBJ2-7
TRBV28	CASSLHYGYTF	TRBJ1-2
TRBV28	CASSLLGTRYGYTF	TRBJ1-2
TRBV28	CASSLLPGTLRGVLTF	TRBJ2-6
TRBV28	CASSLSPGTSGSTQFF	TRBJ2-1
TRBV28	CASSLTSGGQETQYF	TRBJ2-5
TRBV28	CASSLVRNQPQHF	TRBJ1-5
TRBV28	CASSPLSRGWEQFF	TRBJ2-1
TRBV28	CASSPMGESYEQYF	TRBJ2-7
TRBV28	CASSPNRGQGNQPQHF	TRBJ1-5
TRBV28	CASSPPGGTVNTEAFF	TRBJ1-1
TRBV28	CASSPRETQYF	TRBJ2-5
TRBV28	CASSPRGTGDFYGYTF	TRBJ1-2
TRBV28	CASSRAGEAYNEQFF	TRBJ2-1
TRBV28	CASSRGGGGHYEQYF	TRBJ2-7
TRBV28	CASSSEHPLRPTSTDTQYF	TRBJ2-3
TRBV28	CASSSESVGNTIYF	TRBJ1-3
TRBV28	CASSSHIPQGWVLNIQYF	TRBJ2-4
TRBV28	CASSSPGQGKDEQYF	TRBJ2-7
TRBV28	CASSSPLTSGTDTQYF	TRBJ2-3
TRBV28	CASSSPVLLLSTDTQYF	TRBJ2-3
TRBV28	CASSSSRQGGKLFF	TRBJ1-4
TRBV28	CASSTPGTITTFF	TRBJ1-1
TRBV28	CASSWTFSYEQYF	TRBJ2-7
TRBV28	CASSYAGTGSFNYGYTF	TRBJ1-2
TRBV28	CASSYLRRFNYGYTF	TRBJ1-2
TRBV28	CASTPQTALQREQYF	TRBJ2-7
TRBV28	CASTWDSLNTEAFF	TRBJ1-1
TRBV28	CATAPLAGGRDTQYF	TRBJ2-3
TRBV28	CATRIGGAGETQYF	TRBJ2-5
TRBV29-1	CSAITPGQGSTGELFF	TRBJ2-2
TRBV29-1	CSALGLSEQYF	TRBJ2-7
TRBV29-1	CSARGPRGPLNIQYF	TRBJ2-4
TRBV29-1	CSASGGAKNIQYF	TRBJ2-4
TRBV29-1	CSGDRGNYNEQFF	TRBJ2-1
TRBV29-1	CSGHESTEAFF	TRBJ1-1
TRBV29-1	CSLFPPGSRQAFF	TRBJ1-1
TRBV29-1	CSVDQGQGPFYGYTF	TRBJ1-2
TRBV29-1	CSVEAESGNTIYF	TRBJ1-3
TRBV29-1	CSVEATGVDTQYF	TRBJ2-3
TRBV29-1	CSVEDPYTSSGHSGNTIYF	TRBJ1-3
TRBV29-1	CSVEEGGGIQYF	TRBJ2-4
TRBV29-1	CSVEELPRDRWDYGYTF	TRBJ1-2
TRBV29-1	CSVEGDRGPYGYTF	TRBJ1-2
TRBV29-1	CSVEMGPPGNQPQHF	TRBJ1-5
TRBV29-1	CSVEQGIDEQFF	TRBJ2-1
TRBV29-1	CSVEQGYNTGELFF	TRBJ2-2
TRBV29-1	CSVESLNTEAFF	TRBJ1-1
TRBV29-1	CSVESNEKLFF	TRBJ1-4
TRBV29-1	CSVETGGNTEAFF	TRBJ1-1
TRBV29-1	CSVEYGQGRKKLFF	TRBJ1-4
TRBV29-1	CSVGDLSSYNEQFF	TRBJ2-1
TRBV29-1	CSVGQTSTGELFF	TRBJ2-2
TRBV29-1	CSVLGQGNYGYTF	TRBJ1-2
TRBV29-1	CSVPSWGAKYYGYTF	TRBJ1-2
TRBV29-1	CSVRLGASNEQFF	TRBJ2-1
TRBV29-1	CSVRSGQDISGYTF	TRBJ1-2
TRBV29-1	CSVRTSGTYEQYF	TRBJ2-7
TRBV29-1	CSVSPGNTEAFF	TRBJ1-1
TRBV29-1	CSVSRDTETQYF	TRBJ2-5
TRBV29-1	CSVVAGGLSYEQYF	TRBJ2-7
TRBV29-1	CSVVGGLGNPEAFF	TRBJ1-1
TRBV29-1	CSVVVTGLTGELFF	TRBJ2-2
TRBV3-1	CASSHELAKNIQYF	TRBJ2-4
TRBV3-1	CASSHRRQRPDSPLHF	TRBJ1-6
TRBV3-1	CASSHSTSGVKRYF	TRBJ2-7
TRBV3-1	CASSHTGGKVGSRNNEQFF	TRBJ2-1
TRBV3-1	CASSLAGGRDNEQFF	TRBJ2-1
TRBV3-1	CASSLQFLPTEAFF	TRBJ1-1
TRBV3-1	CASSLQLGHSGNTIYF	TRBJ1-3
TRBV3-1	CASSLRVSGNTIYF	TRBJ1-3
TRBV3-1	CASSLSSGGKMYEQYF	TRBJ2-7
TRBV3-1	CASSPDSPYGNQPQHF	TRBJ1-5
TRBV3-1	CASSPGTSGGAGTDTQYF	TRBJ2-3
TRBV3-1	CASSPPGSDTQYF	TRBJ2-3
TRBV3-1	CASSPQVDYEQYF	TRBJ2-7
TRBV3-1	CASSPRDRGAGGYTF	TRBJ1-2
TRBV3-1	CASSPRGRETQYF	TRBJ2-5
TRBV3-1	CASSPRTNIRRDTQYF	TRBJ2-3
TRBV3-1	CASSPTANYGYTF	TRBJ1-2
TRBV3-1	CASSPTGASGLFF	TRBJ1-4
TRBV3-1	CASSPWTSGRGTGELFF	TRBJ2-2
TRBV3-1	CASSQAIVNTIYF	TRBJ1-3
TRBV3-1	CASSQAPYQETQYF	TRBJ2-5
TRBV3-1	CASSQAVPTGELFF	TRBJ2-2
TRBV3-1	CASSQDGGPGNTIYF	TRBJ1-3
TRBV3-1	CASSQDGPPPGTQYF	TRBJ2-5
TRBV3-1	CASSQDLGQSGANVLTF	TRBJ2-6
TRBV3-1	CASSQDLPFPGPNNEQFF	TRBJ2-1
TRBV3-1	CASSQDPQGGKTQYF	TRBJ2-5
TRBV3-1	CASSQDSFYNEQFF	TRBJ2-1
TRBV3-1	CASSQDTSILNEQYF	TRBJ2-7
TRBV3-1	CASSQELSNQPQHF	TRBJ1-5
TRBV3-1	CASSQERLGEQYF	TRBJ2-7
TRBV3-1	CASSQGAGPKNEQFF	TRBJ2-1
TRBV3-1	CASSQGLGEETQYF	TRBJ2-5
TRBV3-1	CASSQGTGQETQYF	TRBJ2-5
TRBV3-1	CASSQGTSGSSEQFF	TRBJ2-1
TRBV3-1	CASSQLSGLDFYEQYF	TRBJ2-7
TRBV3-1	CASSQPGQVSYEQYF	TRBJ2-7
TRBV3-1	CASSQPSGRGNEQFF	TRBJ2-1
TRBV3-1	CASSQSTSSQRGIQYF	TRBJ2-4
TRBV3-1	CASSQSWGNEQYF	TRBJ2-7
TRBV3-1	CASSQTPGAGYTF	TRBJ1-2
TRBV3-1	CASSQVGEGALSGANVLTF	TRBJ2-6
TRBV3-1	CASSRGTPYEQYF	TRBJ2-7
TRBV3-1	CASSRKQGSASGWTTEAFF	TRBJ1-1
TRBV3-1	CASSRQGMDGYTF	TRBJ1-2
TRBV3-1	CASSRRQGAEPQHF	TRBJ1-5
TRBV3-1	CASSRTGAGANVLTF	TRBJ2-6
TRBV3-1	CASSSQGVEANEKLFF	TRBJ1-4
TRBV3-1	CASSTQSFWSPLHF	TRBJ1-6
TRBV3-1	CASSTSHLTGFKETQYF	TRBJ2-5
TRBV3-1	CASSYLGTSGSEQYF	TRBJ2-7
TRBV3-1	CASTLGTGNEKLFF	TRBJ1-4
TRBV3-1	CATSGGPEQYF	TRBJ2-7
TRBV30	CAAKGQAISGNTIYF	TRBJ1-3
TRBV30	CACRTGTGANVLTF	TRBJ2-6
TRBV30	CAGRSLSSGNTIYF	TRBJ1-3
TRBV30	CAWAGTGDSPLHF	TRBJ1-6
TRBV30	CAWGTVLSSYNEQFF	TRBJ2-1
TRBV30	CAWIQGIGNTEAFF	TRBJ1-1
TRBV30	CAWREGGNTIYF	TRBJ1-3
TRBV30	CAWRVRLSYEQYF	TRBJ2-7
TRBV30	CAWSAAGEPYEQYF	TRBJ2-7
TRBV30	CAWSDRIGTEAFF	TRBJ1-1
TRBV30	CAWSDTARAYTF	TRBJ1-2
TRBV30	CAWSFTGGLGSPLHF	TRBJ1-6
TRBV30	CAWSGGQAYQPQHF	TRBJ1-5
TRBV30	CAWSGPGVNYGYTF	TRBJ1-2
TRBV30	CAWSGTANNYGYTF	TRBJ1-2
TRBV30	CAWSHKRGAASSYEQYF	TRBJ2-7
TRBV30	CAWSHLLAGSYNEQFF	TRBJ2-1
TRBV30	CAWSIFSGGSTDTQYF	TRBJ2-3
TRBV30	CAWSIGGQGGDTQYF	TRBJ2-3
TRBV30	CAWSLGANYNEQFF	TRBJ2-1
TRBV30	CAWSPDSSYSGNTIYF	TRBJ1-3
TRBV30	CAWSPGTGDYEQYF	TRBJ2-7
TRBV30	CAWSRGSNQPQHF	TRBJ1-5
TRBV30	CAWSSGGRYEQYF	TRBJ2-7
TRBV30	CAWSSPGISDTQYF	TRBJ2-3
TRBV30	CAWSTGTGDYEQYF	TRBJ2-7
TRBV30	CAWSTLNTEAFF	TRBJ1-1
TRBV30	CAWSVAGTGGYGYTF	TRBJ1-2
TRBV30	CAWSVEGVDTEAFF	TRBJ1-1
TRBV30	CAWSVGSVEGEAFF	TRBJ1-1
TRBV30	CAWSVRGLSGNTIYF	TRBJ1-3
TRBV30	CAWSVTFSSYNEQFF	TRBJ2-1
TRBV30	CAWSVWGARNQPQHF	TRBJ1-5
TRBV30	CAWVRTGNYGYTF	TRBJ1-2
TRBV4-1	CASRGIMTSGDRQETQYF	TRBJ2-5
TRBV4-1	CASSLAGASDTQYF	TRBJ2-3
TRBV4-1	CASSLPRNPGSREQFF	TRBJ2-1
TRBV4-1	CASSLQGIDQPQHF	TRBJ1-5
TRBV4-1	CASSLRTGRDANTEAFF	TRBJ1-1
TRBV4-1	CASSLTIQALSYNEQFF	TRBJ2-1
TRBV4-1	CASSPERGSSYEQYF	TRBJ2-7
TRBV4-1	CASSPLPGPYEQYF	TRBJ2-7
TRBV4-1	CASSPQGPGVDEQYF	TRBJ2-7
TRBV4-1	CASSPRGSQETQYF	TRBJ2-5
TRBV4-1	CASSPSPRDTIYF	TRBJ1-3
TRBV4-1	CASSPTGQDPYEQYF	TRBJ2-7
TRBV4-1	CASSQASIGRDSGNTIYF	TRBJ1-3
TRBV4-1	CASSQDGDRGQPQHF	TRBJ1-5
TRBV4-1	CASSQDGLAAPTNTGELFF	TRBJ2-2
TRBV4-1	CASSQDPSGAYNEQFF	TRBJ2-1
TRBV4-1	CASSQDQGVDNEQFF	TRBJ2-1
TRBV4-1	CASSQDRGVADSSYNEQFF	TRBJ2-1
TRBV4-1	CASSQEGRGLDEQYF	TRBJ2-7
TRBV4-1	CASSQEGSHFALSYEQYF	TRBJ2-7
TRBV4-1	CASSQERTAFSYEQYF	TRBJ2-7
TRBV4-1	CASSQGGGEQFF	TRBJ2-1
TRBV4-1	CASSQGRGTQYNEQFF	TRBJ2-1
TRBV4-1	CASSQLGQPQHF	TRBJ1-5
TRBV4-1	CASSQPGPVVSSYNSPLHF	TRBJ1-6
TRBV4-1	CASSQPTGLRAGELFF	TRBJ2-2
TRBV4-1	CASSQRWGGSTDTQYF	TRBJ2-3
TRBV4-1	CASSQSLLPLPRELFF	TRBJ1-4
TRBV4-1	CASSQTSRDRRSSGANVLTF	TRBJ2-6
TRBV4-1	CASSQVPGDTEAFF	TRBJ1-1
TRBV4-1	CASSQVQGAGGYTF	TRBJ1-2
TRBV4-1	CASSQVRLIRSSYNEQFF	TRBJ2-1
TRBV4-1	CASSRGASPYTDTQYF	TRBJ2-3
TRBV4-1	CASSRGLNTGELFF	TRBJ2-2
TRBV4-1	CASSRSGNTIYF	TRBJ1-3
TRBV4-2	CASSIWTGGTGELFF	TRBJ2-2
TRBV4-2	CASSPTGGTSGPTGELFF	TRBJ2-2
TRBV4-2	CASSQAGDTQYF	TRBJ2-3
TRBV4-2	CASSQDLGMGEAFF	TRBJ1-1
TRBV4-2	CASSQDPGLPYEQYF	TRBJ2-7
TRBV4-2	CASSQDQRRYSPLHF	TRBJ1-6
TRBV4-2	CASSQDREMGEAFF	TRBJ1-1
TRBV4-2	CASSQDRGGGASSYNEQFF	TRBJ2-1
TRBV4-2	CASSQDVGSINEQFF	TRBJ2-1
TRBV4-2	CASSQGGGNAEAFF	TRBJ1-1
TRBV4-2	CASSQGGLRDRGYEQYF	TRBJ2-7
TRBV4-2	CASSQGKQGGSPLHF	TRBJ1-6
TRBV4-2	CASSQGLAGEQYF	TRBJ2-7
TRBV4-2	CASSQTGQGPHEQYF	TRBJ2-7
TRBV4-2	CASSQVRTGELFF	TRBJ2-2
TRBV4-3	CASSPLTADTQYF	TRBJ2-3
TRBV4-3	CASSPNLGERGQPQHF	TRBJ1-5
TRBV4-3	CASSPTGDYGYTF	TRBJ1-2
TRBV4-3	CASSQDAGLANTGQFF	TRBJ2-1
TRBV4-3	CASSQDEGGPYNEQFF	TRBJ2-1
TRBV4-3	CASSQDFGGGNAYEQYF	TRBJ2-7
TRBV4-3	CASSQDLEQYF	TRBJ2-7
TRBV4-3	CASSQDLTGVSNQPQHF	TRBJ1-5
TRBV4-3	CASSQDMRQAGDEQFF	TRBJ2-1
TRBV4-3	CASSQDPRNTGELFF	TRBJ2-2
TRBV4-3	CASSQDRAGATEAFF	TRBJ1-1
TRBV4-3	CASSQDRDRAYEQYF	TRBJ2-7
TRBV4-3	CASSQDRVRGYTGELFF	TRBJ2-2
TRBV4-3	CASSQDVPGNGNTEAFF	TRBJ1-1
TRBV4-3	CASSQDWQGANEKLFF	TRBJ1-4
TRBV4-3	CASSQDYDRVNQPQHF	TRBJ1-5
TRBV4-3	CASSQEKLFF	TRBJ1-4
TRBV4-3	CASSQEQGWGGEKLFF	TRBJ1-4
TRBV4-3	CASSQGDREFDEQYF	TRBJ2-7
TRBV4-3	CASSQGQTWSNYGYTF	TRBJ1-2
TRBV4-3	CASSQRTSGGPGYTQYF	TRBJ2-3
TRBV4-3	CASSQVPGDTEAFF	TRBJ1-1
TRBV4-3	CASSRGMGQGLNEKLFF	TRBJ1-4
TRBV4-3	CASSRLDSSYNEQFF	TRBJ2-1
TRBV4-3	CASSRTFSAYSNQPQHF	TRBJ1-5
TRBV5-1	CASRKAGGPTYEQYF	TRBJ2-7
TRBV5-1	CASRQGPEQYF	TRBJ2-7
TRBV5-1	CASRRGGSYWSQETQYF	TRBJ2-5
TRBV5-1	CASRSTTGGYNSPLHF	TRBJ1-6
TRBV5-1	CASRTGTTPFYNEQFF	TRBJ2-1
TRBV5-1	CASRVGISGNLYEQYF	TRBJ2-7
TRBV5-1	CASSAGTVQETQYF	TRBJ2-5
TRBV5-1	CASSDGGHGYQETQYF	TRBJ2-5
TRBV5-1	CASSDGLADTQYF	TRBJ2-3
TRBV5-1	CASSFGSGGQGTEKLFF	TRBJ1-4
TRBV5-1	CASSFLWREVTTGELFF	TRBJ2-2
TRBV5-1	CASSFSSGDTEAFF	TRBJ1-1
TRBV5-1	CASSGLYGDTQYF	TRBJ2-3
TRBV5-1	CASSGPGQFATNEKLFF	TRBJ1-4
TRBV5-1	CASSGTGEFTGELFF	TRBJ2-2
TRBV5-1	CASSHTGTRETQYF	TRBJ2-5
TRBV5-1	CASSKAGTLNEQYF	TRBJ2-7
TRBV5-1	CASSKGADDTQYF	TRBJ2-3
TRBV5-1	CASSLAGGSISYNEQFF	TRBJ2-1
TRBV5-1	CASSLAGTVGYGYTF	TRBJ1-2
TRBV5-1	CASSLALTDTQYF	TRBJ2-3
TRBV5-1	CASSLALYTEAFF	TRBJ1-1
TRBV5-1	CASSLANEQYF	TRBJ2-7
TRBV5-1	CASSLAVGVEQYF	TRBJ2-7
TRBV5-1	CASSLDRTSGNEQFF	TRBJ2-1
TRBV5-1	CASSLDTDTQYF	TRBJ2-3
TRBV5-1	CASSLEGQDTDTQYF	TRBJ2-3
TRBV5-1	CASSLEGTSGYEQYF	TRBJ2-7
TRBV5-1	CASSLERANYGYTF	TRBJ1-2
TRBV5-1	CASSLETDPYEQYF	TRBJ2-7
TRBV5-1	CASSLGDGHTDTQYF	TRBJ2-3
TRBV5-1	CASSLGGDSLF	TRBJ2-1
TRBV5-1	CASSLGLAEETQYF	TRBJ2-5
TRBV5-1	CASSLGLEANEQFF	TRBJ2-1
TRBV5-1	CASSLGPTDTQYF	TRBJ2-3
TRBV5-1	CASSLGQFPYGYTF	TRBJ1-2
TRBV5-1	CASSLGQLTYEQYF	TRBJ2-7
TRBV5-1	CASSLGRQDPNYGYTF	TRBJ1-2
TRBV5-1	CASSLGSYINTEAFF	TRBJ1-1
TRBV5-1	CASSLGTGGTGELFF	TRBJ2-2
TRBV5-1	CASSLHNYGYTF	TRBJ1-2
TRBV5-1	CASSLIRALSDYEQYF	TRBJ2-7
TRBV5-1	CASSLKTGIPEAFF	TRBJ1-1
TRBV5-1	CASSLLALAGVMPHDNEQFF	TRBJ2-1
TRBV5-1	CASSLQGATNEKLFF	TRBJ1-4
TRBV5-1	CASSLRGQGVSEAFF	TRBJ1-1
TRBV5-1	CASSLSGLAGGFYEQYF	TRBJ2-7
TRBV5-1	CASSLTAAEGYTF	TRBJ1-2
TRBV5-1	CASSLTRAEYEQYF	TRBJ2-7
TRBV5-1	CASSLTTGYEQYF	TRBJ2-7
TRBV5-1	CASSLVGDSSGNTIYF	TRBJ1-3
TRBV5-1	CASSLVGIPGNTIYF	TRBJ1-3
TRBV5-1	CASSPARQGGNEQYF	TRBJ2-7
TRBV5-1	CASSPDNPTEAFF	TRBJ1-1
TRBV5-1	CASSPDREVRGYTF	TRBJ1-2
TRBV5-1	CASSPGGPPGELFF	TRBJ2-2
TRBV5-1	CASSPGQGYPGELFF	TRBJ2-2
TRBV5-1	CASSPGQRKGYTF	TRBJ1-2
TRBV5-1	CASSPMDPRRDTQYF	TRBJ2-3
TRBV5-1	CASSPVLAGNTGELFF	TRBJ2-2
TRBV5-1	CASSQQVQDGEAFF	TRBJ1-1
TRBV5-1	CASSRGLAGRGEQFF	TRBJ2-1
TRBV5-1	CASSRGSTEAFF	TRBJ1-1
TRBV5-1	CASSRPGYPLPMNTEAFF	TRBJ1-1
TRBV5-1	CASSRRVTGDTQYF	TRBJ2-3
TRBV5-1	CASSSGTSFNEQFF	TRBJ2-1
TRBV5-1	CASSSGYGSGNTIYF	TRBJ1-3
TRBV5-1	CASSSLDRSQETQYF	TRBJ2-5
TRBV5-1	CASSSWTGSNTEAFF	TRBJ1-1
TRBV5-1	CASSTGTSVYNEQFF	TRBJ2-1
TRBV5-1	CASSTRDSSSTDTQYF	TRBJ2-3
TRBV5-1	CASSVDGSTTGELFF	TRBJ2-2
TRBV5-1	CASSYGTGGTGELFF	TRBJ2-2
TRBV5-1	CASSYSSGNTIYF	TRBJ1-3
TRBV5-1	CASTLGTYANYGYTF	TRBJ1-2
TRBV5-1	CASVGQGFPSTDTQYF	TRBJ2-3
TRBV5-4	CAITGGNTEAFF	TRBJ1-1
TRBV5-4	CASNGYSGESYNEQFF	TRBJ2-1
TRBV5-4	CASRAGLATEAFF	TRBJ1-1
TRBV5-4	CASRRATNYNEQFF	TRBJ2-1
TRBV5-4	CASSDSGFVTEAFF	TRBJ1-1
TRBV5-4	CASSFASGGNSPLHF	TRBJ1-6
TRBV5-4	CASSFGDRAYNEQFF	TRBJ2-1
TRBV5-4	CASSFGQGNTIYF	TRBJ1-3
TRBV5-4	CASSFGVVEQYF	TRBJ2-7
TRBV5-4	CASSGPSGGARETQYF	TRBJ2-5
TRBV5-4	CASSKWTDPGELFF	TRBJ2-2
TRBV5-4	CASSLARSRGSRTDTQYF	TRBJ2-3
TRBV5-4	CASSLEGGYGYTF	TRBJ1-2
TRBV5-4	CASSLGMGSYEQYF	TRBJ2-7
TRBV5-4	CASSLIRGGTEAFF	TRBJ1-1
TRBV5-4	CASSLRGLAGPSTDTQYF	TRBJ2-3
TRBV5-4	CASSLRRQPYEQYF	TRBJ2-7
TRBV5-4	CASSPALHVSGANVLTF	TRBJ2-6
TRBV5-4	CASSPDRGRYGYTF	TRBJ1-2
TRBV5-4	CASSPGQGSSNSPLHF	TRBJ1-6
TRBV5-4	CASSPRQSANYGYTF	TRBJ1-2
TRBV5-4	CASSPTYAERGGGNYGYTF	TRBJ1-2
TRBV5-4	CASSRSGLAEETQYF	TRBJ2-5
TRBV5-4	CASSSARDRSMNEQFF	TRBJ2-1
TRBV5-4	CASSSFNTEAFF	TRBJ1-1
TRBV5-4	CASSSPGRQETQYF	TRBJ2-5
TRBV5-4	CASSTNPGTGSYEQYF	TRBJ2-7
TRBV5-4	CASSYPVDRTSGANVLTF	TRBJ2-6
TRBV5-4	CATPAGVGTGELFF	TRBJ2-2
TRBV5-5	CASRVTLGLAFHEQFF	TRBJ2-1
TRBV5-5	CASSFGPSSYNEQFF	TRBJ2-1
TRBV5-5	CASSFYRGQGLYEQYF	TRBJ2-7
TRBV5-5	CASSGGGAIQYF	TRBJ2-4
TRBV5-5	CASSLLGTGWNEQFF	TRBJ2-1
TRBV5-5	CASSLNTEAFF	TRBJ1-1
TRBV5-5	CASSLQPYSNQPQHF	TRBJ1-5
TRBV5-5	CASSLRGGDEQFF	TRBJ2-1
TRBV5-5	CASSLTANTEAFF	TRBJ1-1
TRBV5-5	CASSRGRHLNTEAFF	TRBJ1-1
TRBV5-5	CASSRQGLSYEQYF	TRBJ2-7
TRBV5-5	CASSSPEELDYEQYF	TRBJ2-7
TRBV5-5	CASTHTEAFF	TRBJ1-1
TRBV5-5	CATPPGDGGSTDTQYF	TRBJ2-3
TRBV5-6	CASSFLAGGLNEQFF	TRBJ2-1
TRBV5-6	CASSFRGWGTEAFF	TRBJ1-1
TRBV5-6	CASSFRSGELFF	TRBJ2-2
TRBV5-6	CASSFSRDRVDF	TRBJ2-7
TRBV5-6	CASSFTLGALNTEAFF	TRBJ1-1
TRBV5-6	CASSFTRSFSGRAWDEQYF	TRBJ2-7
TRBV5-6	CASSHSQGTNTGELFF	TRBJ2-2
TRBV5-6	CASSLAAGITDTQYF	TRBJ2-3
TRBV5-6	CASSLAGLAGGATYNEQFF	TRBJ2-1
TRBV5-6	CASSLAPGQGAYSGNTIYF	TRBJ1-3
TRBV5-6	CASSLASGRSTDTQYF	TRBJ2-3
TRBV5-6	CASSLASRGQGLVTDTQYF	TRBJ2-3
TRBV5-6	CASSLDPGSNSPLHF	TRBJ1-6
TRBV5-6	CASSLEERPLPDTQYF	TRBJ2-3
TRBV5-6	CASSLEGPYGYTF	TRBJ1-2
TRBV5-6	CASSLGAGFGEQYF	TRBJ2-7
TRBV5-6	CASSLGDSNYEKLFF	TRBJ1-4
TRBV5-6	CASSLGGLAIGTDTQYF	TRBJ2-3
TRBV5-6	CASSLGGRTFNNSPLHF	TRBJ1-6
TRBV5-6	CASSLGLSSGVGNTIYF	TRBJ1-3
TRBV5-6	CASSLLNSPLHF	TRBJ1-6
TRBV5-6	CASSLNGRLTYEQYF	TRBJ2-7
TRBV5-6	CASSLQGRFFSPLHF	TRBJ1-6
TRBV5-6	CASSLSGANVLTF	TRBJ2-6
TRBV5-6	CASSLTGVYWTNTEAFF	TRBJ1-1
TRBV5-6	CASSLVRDSDSPLHF	TRBJ1-6
TRBV5-6	CASSLVSGGAVSEQFF	TRBJ2-1
TRBV5-6	CASSPDRGDIQYF	TRBJ2-4
TRBV5-6	CASSPGLAGLASYNEQFF	TRBJ2-1
TRBV5-6	CASSPLTVSRVQFF	TRBJ2-1
TRBV5-6	CASSPRVRETQYF	TRBJ2-5
TRBV5-6	CASSRGQGGEQYF	TRBJ2-7
TRBV5-6	CASSSRGRTGYTF	TRBJ1-2
TRBV5-6	CASSYRTDFTDTQYF	TRBJ2-3
TRBV5-8	CASSLAAGEEDEKLFF	TRBJ1-4
TRBV5-8	CASSLEEGPVAGTEAFF	TRBJ1-1
TRBV5-8	CASSLGQGPYEQYF	TRBJ2-7
TRBV5-8	CASSLIPANGNQPQHF	TRBJ1-5
TRBV5-8	CASSLVLLSVYEQYF	TRBJ2-7
TRBV5-8	CASSLVTQETQYF	TRBJ2-5
TRBV5-8	CASSPTGPYTDTQYF	TRBJ2-3
TRBV5-8	CASSPWTRNTGELFF	TRBJ2-2
TRBV5-8	CASSSGRGPGRPEGNSPLHF	TRBJ1-6
TRBV5-8	CASSSLAGGQYEQYF	TRBJ2-7
TRBV5-8	CASTFLSSYNEQFF	TRBJ2-1
TRBV6-1	CAGRGPTDTQYF	TRBJ2-3
TRBV6-1	CASELAGSGELFF	TRBJ2-2
TRBV6-1	CASIFPGDRWFYGYTF	TRBJ1-2
TRBV6-1	CASIGTVGLAETDTQYF	TRBJ2-3
TRBV6-1	CASPPTSYFPYEQYF	TRBJ2-7
TRBV6-1	CASREGTANTEAFF	TRBJ1-1
TRBV6-1	CASRGYYEQYF	TRBJ2-7
TRBV6-1	CASRPSGSQNEQFF	TRBJ2-1
TRBV6-1	CASRRGNEQFF	TRBJ2-1
TRBV6-1	CASRRTGGLYDEQFF	TRBJ2-1
TRBV6-1	CASRTGGRIAQHF	TRBJ1-5
TRBV6-1	CASRVGVQPQHF	TRBJ1-5
TRBV6-1	CASRVSIGANYGYTF	TRBJ1-2
TRBV6-1	CASRVSLAGDTYEQYF	TRBJ2-7
TRBV6-1	CASSAGHTEAFF	TRBJ1-1
TRBV6-1	CASSAVTGGTADTQYF	TRBJ2-3
TRBV6-1	CASSDGGVGETQYF	TRBJ2-5
TRBV6-1	CASSDQGLAKNEQFF	TRBJ2-1
TRBV6-1	CASSDQQGHSYEQYF	TRBJ2-7
TRBV6-1	CASSDRGRSYEQYF	TRBJ2-7
TRBV6-1	CASSDSHGGVNEQFF	TRBJ2-1
TRBV6-1	CASSDSSGNTIYF	TRBJ1-3
TRBV6-1	CASSEAEVPVTGELFF	TRBJ2-2
TRBV6-1	CASSEALDRTTEAFF	TRBJ1-1
TRBV6-1	CASSEANGNEAFF	TRBJ1-1
TRBV6-1	CASSEARQGLGNTIYF	TRBJ1-3
TRBV6-1	CASSEAVNSPLHF	TRBJ1-6
TRBV6-1	CASSEGPGNTEAFF	TRBJ1-1
TRBV6-1	CASSEGQGWAEAFF	TRBJ1-1
TRBV6-1	CASSEHARSYNEQFF	TRBJ2-1
TRBV6-1	CASSEQSLAYNEQFF	TRBJ2-1
TRBV6-1	CASSESFPGQGTGELFF	TRBJ2-2
TRBV6-1	CASSEVGVLNTEAFF	TRBJ1-1
TRBV6-1	CASSFPGLAGGLDEQFF	TRBJ2-1
TRBV6-1	CASSGRGIGPGNEQFF	TRBJ2-1
TRBV6-1	CASSGVYRNQPQHF	TRBJ1-5
TRBV6-1	CASSHFRGQETQYF	TRBJ2-5
TRBV6-1	CASSKASGRIGETQYF	TRBJ2-5
TRBV6-1	CASSLGPDGNTIYF	TRBJ1-3
TRBV6-1	CASSPDRASSYEQYF	TRBJ2-7
TRBV6-1	CASSQLAGDQETQYF	TRBJ2-5
TRBV6-1	CASSVDRLSYEQYF	TRBJ2-7
TRBV6-1	CASSVGESGANVLTF	TRBJ2-6
TRBV6-1	CASSVQRGRRISSYEQYF	TRBJ2-7
TRBV6-1	CASSVTSRLGEQYF	TRBJ2-7
TRBV6-1	CASSVTTQAYNEQFF	TRBJ2-1
TRBV6-1	CASSVVAGVNNEQFF	TRBJ2-1
TRBV6-1	CASTAGTGGSVLYGYTF	TRBJ1-2
TRBV6-1	CASTWSASGGAAETQYF	TRBJ2-5
TRBV6-1	CASVHVQGAVDTQYF	TRBJ2-3
TRBV6-1	CATDLAEQETQYF	TRBJ2-5
TRBV6-1	CATRSLAGRTDTQYF	TRBJ2-3
TRBV6-1	CATTSGLAGYNEQFF	TRBJ2-1
TRBV6-2	CACRTGNIQYF	TRBJ2-4
TRBV6-2	CASHNSGTANGYTF	TRBJ1-2
TRBV6-2	CASINLLGTGNGYTF	TRBJ1-2
TRBV6-2	CASKGTGKTHSPLHF	TRBJ1-6
TRBV6-2	CASRGDRVTETQYF	TRBJ2-5
TRBV6-2	CASRPGQNTEAFF	TRBJ1-1
TRBV6-2	CASRRRWTDHYNEQFF	TRBJ2-1
TRBV6-2	CASRTLKGAFGYTF	TRBJ1-2
TRBV6-2	CASSFGAYEQYF	TRBJ2-7
TRBV6-2	CASSFNQRGGPSTDTQYF	TRBJ2-3
TRBV6-2	CASSFPDPEAFF	TRBJ1-1
TRBV6-2	CASSLLTSAMGNTQYF	TRBJ2-3
TRBV6-2	CASSLRNEQFF	TRBJ2-1
TRBV6-2	CASSPLAGGLYNEQFF	TRBJ2-1
TRBV6-2	CASSQDPGYSPLHF	TRBJ1-6
TRBV6-2	CASSQWGYSAKNIQYF	TRBJ2-4
TRBV6-2	CASSRSGDIQPQHF	TRBJ1-5
TRBV6-2	CASSTAWGSYGYTF	TRBJ1-2
TRBV6-2	CASSTPPDRLITFYTGELFF	TRBJ2-2
TRBV6-2	CASSWARGYTF	TRBJ1-2
TRBV6-2	CASSWDRGPKDTQYF	TRBJ2-3
TRBV6-2	CASSWSRTAEYGYTF	TRBJ1-2
TRBV6-2	CASSYDLTSGRQETQYF	TRBJ2-5
TRBV6-2	CASSYEPPYEQYF	TRBJ2-7
TRBV6-2	CASSYERGTTYEQYF	TRBJ2-7
TRBV6-2	CASSYGGGADEQYF	TRBJ2-7
TRBV6-2	CASSYGLIGTQYF	TRBJ2-5
TRBV6-2	CASSYGPNAWETQYF	TRBJ2-5
TRBV6-2	CASSYGQSVSPLHF	TRBJ1-6
TRBV6-2	CASSYGTGGWETQYF	TRBJ2-5
TRBV6-2	CASSYLGNSYNSPLHF	TRBJ1-6
TRBV6-2	CASSYSENSNQPQHF	TRBJ1-5
TRBV6-2	CASSYSGAANQPQHF	TRBJ1-5
TRBV6-2	CASSYSGQGVDEQFF	TRBJ2-1
TRBV6-2	CASSYSIRDTQLDTQYF	TRBJ2-3
TRBV6-2	CASSYSPPSIAGSGNTQYF	TRBJ2-3
TRBV6-2	CASSYSRGVNNEQFF	TRBJ2-1
TRBV6-2	CASTLQGNGNTIYF	TRBJ1-3
TRBV6-2	CASTRGSSSYEQYF	TRBJ2-7
TRBV6-4	CASASGEADTQYF	TRBJ2-3
TRBV6-4	CASRREHLPNYGYTF	TRBJ1-2
TRBV6-4	CASRSGHSATHEQFF	TRBJ2-1
TRBV6-4	CASSDSAGSGQPQHF	TRBJ1-5
TRBV6-4	CASSDSRGIQYF	TRBJ2-4
TRBV6-4	CASSDSTGGGPGLAVEQFF	TRBJ2-1
TRBV6-4	CASSDTHLGEYGYTF	TRBJ1-2
TRBV6-4	CASSEARDTDTQYF	TRBJ2-3
TRBV6-4	CASSEFRGNSPLHF	TRBJ1-6
TRBV6-4	CASSETGGQETQYF	TRBJ2-5
TRBV6-4	CASSETSGSTDTQYF	TRBJ2-3
TRBV6-4	CASSPTGMGTDTQYF	TRBJ2-3
TRBV6-4	CASSRLSTDTQYF	TRBJ2-3
TRBV6-4	CASSVGEDEQFF	TRBJ2-1
TRBV6-4	CASSVTGSTGELFF	TRBJ2-2
TRBV6-5	CACNPRGQGLSGELFF	TRBJ2-2
TRBV6-5	CASKDQGWDEKLFF	TRBJ1-4
TRBV6-5	CASKEGTYAEAFF	TRBJ1-1
TRBV6-5	CASKQTPGTSGGAWYTGELFF	TRBJ2-2
TRBV6-5	CASNGRSDTQYF	TRBJ2-3
TRBV6-5	CASRAGSQYSNQPQHF	TRBJ1-5
TRBV6-5	CASRDGGPLETQYF	TRBJ2-5
TRBV6-5	CASRGESGTDTQYF	TRBJ2-3
TRBV6-5	CASRLRDSYEQYF	TRBJ2-7
TRBV6-5	CASRLTGELFF	TRBJ2-2
TRBV6-5	CASRPITDGRETYEQYF	TRBJ2-7
TRBV6-5	CASRPREGLSYNEQFF	TRBJ2-1
TRBV6-5	CASRPRGQGGEYF	TRBJ2-7
TRBV6-5	CASRPTGQNSWGYTF	TRBJ1-2
TRBV6-5	CASRQQGRTGELFF	TRBJ2-2
TRBV6-5	CASRRQDVSGNTIYF	TRBJ1-3
TRBV6-5	CASRSALGLAVLEQYF	TRBJ2-7
TRBV6-5	CASRSGQGNSPLHF	TRBJ1-6
TRBV6-5	CASRSNRGLAKNIQYF	TRBJ2-4
TRBV6-5	CASRTFPGENTIYF	TRBJ1-3
TRBV6-5	CASSARTAEKLFF	TRBJ1-4
TRBV6-5	CASSDTGGQPQHF	TRBJ1-5
TRBV6-5	CASSELAGRTDTQYF	TRBJ2-3
TRBV6-5	CASSHKFSYEQYF	TRBJ2-7
TRBV6-5	CASSLDRGPYNEHFF	TRBJ2-1
TRBV6-5	CASSPLGGTGSEQYF	TRBJ2-7
TRBV6-5	CASSQGGGYGYTF	TRBJ1-2
TRBV6-5	CASSRGAGGYTF	TRBJ1-2
TRBV6-5	CASSRQPTNEKLFF	TRBJ1-4
TRBV6-5	CASSSPTGSGANVLTF	TRBJ2-6
TRBV6-5	CASSSRGPKNIQYF	TRBJ2-4
TRBV6-5	CASSTREEAFF	TRBJ1-1
TRBV6-5	CASSVTSGYEQYF	TRBJ2-7
TRBV6-5	CASSWEKRGLREQFF	TRBJ2-1
TRBV6-5	CASSYFRGLKGYGYTF	TRBJ1-2
TRBV6-5	CASSYGQTWNGYTF	TRBJ1-2
TRBV6-5	CASSYISSYEEQYF	TRBJ2-7
TRBV6-5	CASSYLGQGHNSPLHF	TRBJ1-6
TRBV6-5	CASSYMPDPAGNTIYF	TRBJ1-3
TRBV6-5	CASSYRATGGGGTEAFF	TRBJ1-1
TRBV6-5	CASSYSADLSYEQYF	TRBJ2-7
TRBV6-5	CASSYSIIAGAAGELFF	TRBJ2-2
TRBV6-5	CASSYSKSWGWDEQYF	TRBJ2-7
TRBV6-5	CASSYSRSGGKETQYF	TRBJ2-5
TRBV6-5	CASSYSTGGYEQYF	TRBJ2-7
TRBV6-5	CASSYTPGTRDNEQFF	TRBJ2-1
TRBV6-5	CASSYVGDYNEQFF	TRBJ2-1
TRBV6-5	CASTRGVGYTF	TRBJ1-2
TRBV6-5	CASWDPPGPEGYGYTF	TRBJ1-2
TRBV6-6	CAGTSRYEQYF	TRBJ2-7
TRBV6-6	CASNPRPEPSDTQYF	TRBJ2-3
TRBV6-6	CASRGPERGRGLTGELFF	TRBJ2-2
TRBV6-6	CASRPVRGRTYEQYF	TRBJ2-7
TRBV6-6	CASSDNGQGPYGYTF	TRBJ1-2
TRBV6-6	CASSDRDRGPTEAFF	TRBJ1-1
TRBV6-6	CASSFSGVNNQPQHF	TRBJ1-5
TRBV6-6	CASSLAGGKDTQYF	TRBJ2-3
TRBV6-6	CASSLREQGGDGYTF	TRBJ1-2
TRBV6-6	CASSRTGDNSPLHF	TRBJ1-6
TRBV6-6	CASSRWRLLNYGYTF	TRBJ1-2
TRBV6-6	CASSSIEAFYEQYF	TRBJ2-7
TRBV6-6	CASSSRLRGGEVRDTEAFF	TRBJ1-1
TRBV6-6	CASSTTGGRSDTQYF	TRBJ2-3
TRBV6-6	CASSWDRGLKRGEQFF	TRBJ2-1
TRBV6-6	CASSYDGQNYGYTF	TRBJ1-2
TRBV6-6	CASSYIPGNTIYF	TRBJ1-3
TRBV6-6	CASSYLGGGQSYEQYF	TRBJ2-7
TRBV6-6	CASSYRRGRDDGYTF	TRBJ1-2
TRBV6-6	CASSYSRTGTNYGYTF	TRBJ1-2
TRBV6-6	CASSYSTETYEQYF	TRBJ2-7
TRBV6-6	CASSYSTSGGIYNEQFF	TRBJ2-1
TRBV6-6	CASSYSYEQYF	TRBJ2-7
TRBV6-6	CASTGLAGGGTQYF	TRBJ2-3
TRBV6-6	CATIPEARSYYGYTF	TRBJ1-2
TRBV6-8	CASSPTQNSPLHF	TRBJ1-6
TRBV6-8	CASSVTRERELYNEQFF	TRBJ2-1
TRBV7-2	CASDTGVYGYTF	TRBJ1-2
TRBV7-2	CASRIVGDEQFF	TRBJ2-1
TRBV7-2	CASRPTSGRREQFF	TRBJ2-1
TRBV7-2	CASRSSGGAIGYEQYF	TRBJ2-7
TRBV7-2	CASSAPGYYTEAFF	TRBJ1-1
TRBV7-2	CASSAYMGEQYF	TRBJ2-7
TRBV7-2	CASSEQPGRRETQYF	TRBJ2-5
TRBV7-2	CASSFETGLNSPLHF	TRBJ1-6
TRBV7-2	CASSFFIPGQEGAFF	TRBJ1-1
TRBV7-2	CASSFGRDTYEQYF	TRBJ2-7
TRBV7-2	CASSFPSLTYEQYF	TRBJ2-7
TRBV7-2	CASSFQGNYGYTF	TRBJ1-2
TRBV7-2	CASSFRGGEQFF	TRBJ2-1
TRBV7-2	CASSFRPGRRETQYF	TRBJ2-5
TRBV7-2	CASSFRQGNTEAFF	TRBJ1-1
TRBV7-2	CASSFSTSGRYEQYF	TRBJ2-7
TRBV7-2	CASSFTGYEQYF	TRBJ2-7
TRBV7-2	CASSFWETGNTIYF	TRBJ1-3
TRBV7-2	CASSFWRMNTEAFF	TRBJ1-1
TRBV7-2	CASSKAGAGTGELFF	TRBJ2-2
TRBV7-2	CASSLAGNTEAFF	TRBJ1-1
TRBV7-2	CASSLDKGYSNQPQHF	TRBJ1-5
TRBV7-2	CASSLEGGGDSPLHF	TRBJ1-6
TRBV7-2	CASSLEGVWNTGELFF	TRBJ2-2
TRBV7-2	CASSLEREQYF	TRBJ2-7
TRBV7-2	CASSLGGDPGTEAFF	TRBJ1-1
TRBV7-2	CASSLGGGDGNTIYF	TRBJ1-3
TRBV7-2	CASSLGGRANYGYTF	TRBJ1-2
TRBV7-2	CASSLGIGGYEQYF	TRBJ2-7
TRBV7-2	CASSLGLALQETQYF	TRBJ2-5
TRBV7-2	CASSLGLYTDTQYF	TRBJ2-3
TRBV7-2	CASSLGQGGVNTGELFF	TRBJ2-2
TRBV7-2	CASSLGRLAGVIEQFF	TRBJ2-1
TRBV7-2	CASSLGTGPVETQYF	TRBJ2-5
TRBV7-2	CASSLGTSTDTQYF	TRBJ2-3
TRBV7-2	CASSLNGLEQYF	TRBJ2-7
TRBV7-2	CASSLPAGRGEQFF	TRBJ2-1
TRBV7-2	CASSLRGGLYNEQFF	TRBJ2-1
TRBV7-2	CASSLRPGRLNEQFF	TRBJ2-1
TRBV7-2	CASSLRPGRRETQYF	TRBJ2-5
TRBV7-2	CASSLRTGGVSGANVLTF	TRBJ2-6
TRBV7-2	CASSLSPSPNYGYTF	TRBJ1-2
TRBV7-2	CASSLSRGARSYNSPLHF	TRBJ1-6
TRBV7-2	CASSLSSGIAYEQYF	TRBJ2-7
TRBV7-2	CASSLSVGGGEETQYF	TRBJ2-5
TRBV7-2	CASSLVGQGSGYTF	TRBJ1-2
TRBV7-2	CASSLVPGRRETQYF	TRBJ2-5
TRBV7-2	CASSLVWGEGQPQHF	TRBJ1-5
TRBV7-2	CASSLWGARTDTQYF	TRBJ2-3
TRBV7-2	CASSPARIPGNTIYF	TRBJ1-3
TRBV7-2	CASSPDRVRKLFF	TRBJ1-4
TRBV7-2	CASSPGRVPGNTIYF	TRBJ1-3
TRBV7-2	CASSPKGGRWGEQYF	TRBJ2-7
TRBV7-2	CASSPQRGKSTDTQYF	TRBJ2-3
TRBV7-2	CASSPRGGRFYEQYF	TRBJ2-7
TRBV7-2	CASSPRTGGVGETQYF	TRBJ2-5
TRBV7-2	CASSPRWRDSPLHF	TRBJ1-6
TRBV7-2	CASSPTPQETQYF	TRBJ2-5
TRBV7-2	CASSPTSGRFTRGYTF	TRBJ1-2
TRBV7-2	CASSQDMNTEAFF	TRBJ1-1
TRBV7-2	CASSQRTSRAGELFF	TRBJ2-2
TRBV7-2	CASSRGVPNSPLHF	TRBJ1-6
TRBV7-2	CASSRSRLGSDTQYF	TRBJ2-3
TRBV7-2	CASSSLSGPYEQYF	TRBJ2-7
TRBV7-2	CASSSPERGEEKLFF	TRBJ1-4
TRBV7-2	CASSSPGQLTDTQYF	TRBJ2-3
TRBV7-2	CASSSPTEGWAKNIQYF	TRBJ2-4
TRBV7-2	CASSSPWGGTEAFF	TRBJ1-1
TRBV7-2	CASSSRDGAYEQYF	TRBJ2-7
TRBV7-2	CASSSRPGRRETQYF	TRBJ2-5
TRBV7-2	CASSSTASTDTQYF	TRBJ2-3
TRBV7-2	CASSSVAGYYNEQFF	TRBJ2-1
TRBV7-2	CASSTYGENSYEQYF	TRBJ2-7
TRBV7-2	CASTEIPGRRETQYF	TRBJ2-5
TRBV7-3	CASNSGVQGGELFF	TRBJ2-2
TRBV7-3	CASREDTGELFF	TRBJ2-2
TRBV7-3	CASSEYGDTQYF	TRBJ2-3
TRBV7-3	CASSFYGGHTGELFF	TRBJ2-2
TRBV7-3	CASSHSAGRQETQYF	TRBJ2-5
TRBV7-3	CASSLMAGVLGEQFF	TRBJ2-1
TRBV7-3	CASSLQENTEAFF	TRBJ1-1
TRBV7-3	CASSLQETQYF	TRBJ2-5
TRBV7-3	CASSLRRGGRDTQYF	TRBJ2-3
TRBV7-3	CASSLSGDSGNTIYF	TRBJ1-3
TRBV7-3	CASSLVWGGTDTQYF	TRBJ2-3
TRBV7-3	CASSPGPGYEQYF	TRBJ2-7
TRBV7-3	CASSPSSGVQNTEAFF	TRBJ1-1
TRBV7-3	CASSRQGNSPLHF	TRBJ1-6
TRBV7-4	CASSLGIVGNTIYF	TRBJ1-3
TRBV7-6	CASRAQGAPQETQYF	TRBJ2-5
TRBV7-6	CASRGETGGGTGELFF	TRBJ2-2
TRBV7-6	CASRGQERLETQYF	TRBJ2-5
TRBV7-6	CASSHHEDTQYF	TRBJ2-3
TRBV7-6	CASSHPGEGEQYF	TRBJ2-7
TRBV7-6	CASSLASAGAGEKLFF	TRBJ1-4
TRBV7-6	CASSLGQLNTEAFF	TRBJ1-1
TRBV7-6	CASSLGSAGGREREEQYF	TRBJ2-7
TRBV7-6	CASSLRRGRVTDTQYF	TRBJ2-3
TRBV7-6	CASSLVAGGLSEQYF	TRBJ2-7
TRBV7-6	CASSLWAIAADTQYF	TRBJ2-3
TRBV7-6	CASSPGGSADTQYF	TRBJ2-3
TRBV7-6	CASSPGTQAYEQYF	TRBJ2-7
TRBV7-6	CASSPLSGNTIYF	TRBJ1-3
TRBV7-6	CASSPRAGTASYEQYF	TRBJ2-7
TRBV7-6	CASSQGLNQPQHF	TRBJ1-5
TRBV7-6	CASSRSTGDPTYEQYF	TRBJ2-7
TRBV7-6	CASSSEQGSGANVLTF	TRBJ2-6
TRBV7-6	CASSVSNRRPYEQYF	TRBJ2-7
TRBV7-6	CASSYDRDRGGTEAFF	TRBJ1-1
TRBV7-6	CASSYGGFQTDTQYF	TRBJ2-3
TRBV7-6	CASTPALGTGPGELFF	TRBJ2-2
TRBV7-7	CASSEGSLETQYF	TRBJ2-5
TRBV7-7	CASSLGIMGHGYTF	TRBJ1-2
TRBV7-7	CASSLIAGGPSGELFF	TRBJ2-2
TRBV7-7	CASSLPPEQFF	TRBJ2-1
TRBV7-7	CASSLRGRVEEKLFF	TRBJ1-4
TRBV7-7	CASSPGLAFGELFF	TRBJ2-2
TRBV7-7	CASSSIVSGRVGELFF	TRBJ2-2
TRBV7-7	CASSSPDRGGGYTF	TRBJ1-2
TRBV7-8	CASRGGDRPYNEQFF	TRBJ2-1
TRBV7-8	CASRPRGAAGNTIYF	TRBJ1-3
TRBV7-8	CASSDTLSGGARTGELFF	TRBJ2-2
TRBV7-8	CASSFETGNNSPLHF	TRBJ1-6
TRBV7-8	CASSFPDGPNSPLHF	TRBJ1-6
TRBV7-8	CASSFYEARNNEQFF	TRBJ2-1
TRBV7-8	CASSLAAGSSYEQYF	TRBJ2-7
TRBV7-8	CASSLAGGIETQYF	TRBJ2-5
TRBV7-8	CASSLALGLAGVGTYEQYF	TRBJ2-7
TRBV7-8	CASSLDGLAEIYEQYF	TRBJ2-7
TRBV7-8	CASSLEQGLVSDTQYF	TRBJ2-3
TRBV7-8	CASSLGAPRGKNTEAFF	TRBJ1-1
TRBV7-8	CASSLGQGYEKLFF	TRBJ1-4
TRBV7-8	CASSLLPPPWEGRGNEQFF	TRBJ2-1
TRBV7-8	CASSLVGGGSSYEQYF	TRBJ2-7
TRBV7-8	CASSLVPPRARGGSGNTIYF	TRBJ1-3
TRBV7-8	CASSMDRTSPNQPQHF	TRBJ1-5
TRBV7-8	CASSPEGTSGVSYNEQFF	TRBJ2-1
TRBV7-8	CASSPLGQGRNTIYF	TRBJ1-3
TRBV7-8	CASSPPGGPYEQYF	TRBJ2-7
TRBV7-8	CASSPTSGRGTGELFF	TRBJ2-2
TRBV7-8	CASSRPTRLAGESSYNEQFF	TRBJ2-1
TRBV7-8	CASSSYRGETQYF	TRBJ2-5
TRBV7-8	CASSTTDRVNEQFF	TRBJ2-1
TRBV7-8	CASSVSRGNSPLHF	TRBJ1-6
TRBV7-9	CASHNVRPSPGNTIYF	TRBJ1-3
TRBV7-9	CASIPAASYEQYF	TRBJ2-7
TRBV7-9	CASNIHWGDYNEQFF	TRBJ2-1
TRBV7-9	CASPDSTDTQYF	TRBJ2-3
TRBV7-9	CASRGQLGDEQYF	TRBJ2-7
TRBV7-9	CASRHDRTEAFF	TRBJ1-1
TRBV7-9	CASRPFEARAVANEKLFF	TRBJ1-4
TRBV7-9	CASRPGLPYVDEQFF	TRBJ2-1
TRBV7-9	CASRRGAGGGGSSYNEQFF	TRBJ2-1
TRBV7-9	CASRSDGTYNEQFF	TRBJ2-1
TRBV7-9	CASSDLGPQGSNQPQHF	TRBJ1-5
TRBV7-9	CASSFERGATDTQYF	TRBJ2-3
TRBV7-9	CASSFGAGPTDTQYF	TRBJ2-3
TRBV7-9	CASSFLGYGNGYTF	TRBJ1-2
TRBV7-9	CASSFMSSGNNEQFF	TRBJ2-1
TRBV7-9	CASSFPGFSANEKLFF	TRBJ1-4
TRBV7-9	CASSFPNEKLFF	TRBJ1-4
TRBV7-9	CASSFRGYTGELFF	TRBJ2-2
TRBV7-9	CASSFSLPERGSLTQYF	TRBJ2-3
TRBV7-9	CASSGGRNTEAFF	TRBJ1-1
TRBV7-9	CASSGILLAGGPTDTQYF	TRBJ2-3
TRBV7-9	CASSHRTSGGDYNEQFF	TRBJ2-1
TRBV7-9	CASSHVLREETQYF	TRBJ2-5
TRBV7-9	CASSLADRVGEQYF	TRBJ2-7
TRBV7-9	CASSLAFIGGGGYGYTF	TRBJ1-2
TRBV7-9	CASSLAGFGQPQHF	TRBJ1-5
TRBV7-9	CASSLALRTGGSGANVLTF	TRBJ2-6
TRBV7-9	CASSLDLAGGSTGELFF	TRBJ2-2
TRBV7-9	CASSLDQFQETQYF	TRBJ2-5
TRBV7-9	CASSLDREQETQYF	TRBJ2-5
TRBV7-9	CASSLDRGQEYF	TRBJ2-7
TRBV7-9	CASSLEGRGQYF	TRBJ2-7
TRBV7-9	CASSLFGTAQIDQETQYF	TRBJ2-5
TRBV7-9	CASSLGQETQYF	TRBJ2-5
TRBV7-9	CASSLKGYGYEQYF	TRBJ2-7
TRBV7-9	CASSLLGLAATDTQYF	TRBJ2-3
TRBV7-9	CASSLPSGRGQQETQYF	TRBJ2-5
TRBV7-9	CASSLQGHSSYEQYF	TRBJ2-7
TRBV7-9	CASSLRFGTGGWDEQFF	TRBJ2-1
TRBV7-9	CASSLRGGQARGNTEAFF	TRBJ1-1
TRBV7-9	CASSLRKLEAFF	TRBJ1-1
TRBV7-9	CASSLRQGHYNEQFF	TRBJ2-1
TRBV7-9	CASSLSGGHGYTF	TRBJ1-2
TRBV7-9	CASSLSLPPASSYNEQFF	TRBJ2-1
TRBV7-9	CASSLSPGSRLRANTEAFF	TRBJ1-1
TRBV7-9	CASSLTGGDSPLHF	TRBJ1-6
TRBV7-9	CASSLTPGLAQETQYF	TRBJ2-5
TRBV7-9	CASSLTSGGGDTQYF	TRBJ2-3
TRBV7-9	CASSLVGLAVPSTDTQYF	TRBJ2-3
TRBV7-9	CASSLVGYTF	TRBJ1-2
TRBV7-9	CASSLVYRANIQYF	TRBJ2-4
TRBV7-9	CASSLYRQGDDGYTF	TRBJ1-2
TRBV7-9	CASSPAGNTIYF	TRBJ1-3
TRBV7-9	CASSPGTGGEAFF	TRBJ1-1
TRBV7-9	CASSPLGGTYEQYF	TRBJ2-7
TRBV7-9	CASSPLWGQGSDTQYF	TRBJ2-3
TRBV7-9	CASSPPEHREGEAFF	TRBJ1-1
TRBV7-9	CASSPQLAEPTDTQYF	TRBJ2-3
TRBV7-9	CASSPRQWGVGGYTF	TRBJ1-2
TRBV7-9	CASSPRTGDGYTF	TRBJ1-2
TRBV7-9	CASSPRTGVNYGYTF	TRBJ1-2
TRBV7-9	CASSPTGVLTQYF	TRBJ2-5
TRBV7-9	CASSPTYRDGQFF	TRBJ2-1
TRBV7-9	CASSPWTSGRGDTQYF	TRBJ2-3
TRBV7-9	CASSRGEAGGGQFF	TRBJ2-1
TRBV7-9	CASSRRDKGYEQYF	TRBJ2-7
TRBV7-9	CASSSLGHSYEQYF	TRBJ2-7
TRBV7-9	CASSSLPTTNYGYTF	TRBJ1-2
TRBV7-9	CASSSPGLAGGYESQYF	TRBJ2-5
TRBV7-9	CASSSPPAGGPTDTQYF	TRBJ2-3
TRBV7-9	CASSSRPGTVSKAYEQYF	TRBJ2-7
TRBV7-9	CASSSRTGTGNSNEQFF	TRBJ2-1
TRBV7-9	CASSSVGTPQETQYF	TRBJ2-5
TRBV7-9	CASSTTTSGAQETQYF	TRBJ2-5
TRBV7-9	CASSVSGGGWNEQFF	TRBJ2-1
TRBV7-9	CASTVVGRNTEAFF	TRBJ1-1
TRBV7-9	CASVSRGGANTEAFF	TRBJ1-1
TRBV9	CASGTGTGELFF	TRBJ2-2
TRBV9	CASSARGQGTMNTEAFF	TRBJ1-1
TRBV9	CASSASQGVTDTQYF	TRBJ2-3
TRBV9	CASSATQGDYGYTF	TRBJ1-2
TRBV9	CASSDPEGAPSSYEQYF	TRBJ2-7
TRBV9	CASSFYRDRVPYEQYF	TRBJ2-7
TRBV9	CASSLGQGHNTDTQYF	TRBJ2-3
TRBV9	CASSLPPFGYTF	TRBJ1-2
TRBV9	CASSPLGQVRETQYF	TRBJ2-5
TRBV9	CASSPPALYASYRDTQYF	TRBJ2-3
TRBV9	CASSPPGLAGGTTGELFF	TRBJ2-2
TRBV9	CASSPPGRGMNTEAFF	TRBJ1-1
TRBV9	CASSPYGGLDNSPLHF	TRBJ1-6
TRBV9	CASSSHGDEQFF	TRBJ2-1
TRBV9	CASSSLAGNTGELFF	TRBJ2-2
TRBV9	CASSSRGGYTF	TRBJ1-2
TRBV9	CASSTLMNTEAFF	TRBJ1-1
TRBV9	CASSVAAGGGGTEAFF	TRBJ1-1
TRBV9	CASSVAGTYNEQFF	TRBJ2-1
TRBV9	CASSVEGGQKNIQYF	TRBJ2-4
TRBV9	CASSVENGGAQYF	TRBJ2-5
TRBV9	CASSVERTGGEGYGYTF	TRBJ1-2
TRBV9	CASSVGMGVDYGYTF	TRBJ1-2
TRBV9	CASSVGQGGPDTQYF	TRBJ2-3
TRBV9	CASSVGRTLTGDNSPLHF	TRBJ1-6
TRBV9	CASSVGSGREGNEQFF	TRBJ2-1
TRBV9	CASSVGTGRGEQYF	TRBJ2-7
TRBV9	CASSVGTRGYTF	TRBJ1-2
TRBV9	CASSVGWTRLEAFF	TRBJ1-1
TRBV9	CASSVRLAGYNEQFF	TRBJ2-1
TRBV9	CASSVRWRGPFSYNEQFF	TRBJ2-1
TRBV9	CASSVSGGPNQPQHF	TRBJ1-5
TRBV9	CASSVSRYLNTGELFF	TRBJ2-2
TRBV9	CASSVTSGATWRYRADTQYF	TRBJ2-3
TRBV9	CASSVVDTGELFF	TRBJ2-2
TRBV9	CASSVVPGSFGNEQFF	TRBJ2-1
TRBV9	CASSVVPTGVTDTQYF	TRBJ2-3
TRBV9	CASTPSRGSEQYF	TRBJ2-7
