Origin,Exact source,Cell_Type,Geneset_Enrichment,hs_protein,hs_gene,hs.total.genes,mm_protein,mm_gene,mm.total.genes,DOI
STEGO.R,,NK,NK receptors (common),NCR1;NCR3;NCR2;NKG2D;CD244;KLRC2;CD226;KIR2DS1;KIR2DL1;KIR3DL2;KIR3DL3;KIR2DL4;KLRF1;CD2;CD161;Ly49;CD16a;CD16b;CD56,NCR1;NCR3;NCR2;KLRK1;CD244;KLRC2;CD226;KIR2DS1;KIR2DL1;KIR3DL2;KIR3DL3;KIR2DL4;KLRF1;CD2;KLRB1;KLRA1P;FCGR3A;FCGR3B;NCAM1,19,,,,
STEGO.R,,NK,NK inhibtory receptors,KIR2DL1;KIR2DL3;KIR3DL1;KIR2DL4;NKG2A;CD94,KIR2DL1;KIR2DL3;KIR3DL1;KIR2DL4;KLRC1;KLRD1,6,,,,10.3389/fimmu.2019.01179
STEGO.R,,NK,NK activating receptors,KIR2DS4,KIR2DS4,1,,,,10.3389/fimmu.2019.01179
STEGO.R,,NK,KIR genes,KIR2DL1;KIR2DL2;KIR2DL3;KIR2DL4;KIR2DL5A;KIR2DL5B;KIR2DS1;KIR2DS2;KIR2DS3;KIR2DS4;KIR2DS5;KIR3DL1;KIR3DS1;KIR3DL2;KIR3DL3;KIR2DP1;KIR3DP1,KIR2DL1;KIR2DL2;KIR2DL3;KIR2DL4;KIR2DL5A;KIR2DL5B;KIR2DS1;KIR2DS2;KIR2DS3;KIR2DS4;KIR2DS5;KIR3DL1;KIR3DS1;KIR3DL2;KIR3DL3;KIR2DP1;KIR3DP1,17,,,,10.3389/fimmu.2019.01179
STEGO.R,,"NK, NKT, T cell",Granzyme,GZMA;GZMB;GZMH;GZMK;GZMM,GZMA;GZMB;GZMH;GZMK;GZMM,5,,,,
STEGO.R,,All,Cell cycling,,,,,,,
STEGO.R,,T cell,Cytotoxic ,GNLY;GZMB;PRF1;GZMA;GZMH;GZMM;GZMK;CD8;CD2;LFA-1,GNLY;GZMB;PRF1;GZMA;GZMH;GZMM;GZMK;CD8A;CD2;ITGAL,10,,,,
STEGO.R,,,Activation,,,,,,,
STEGO.R,,,Antigen presentation,,,,,,,
STEGO.R,,,Regulatory,,,,,,,
STEGO.R,,,Effector,,,,,,,
STEGO.R,,,Helper,,,,,,,
STEGO.R,,,Memory,,,,,,,
STEGO.R,,,innate-like,,,,,,,
STEGO.R,,,Exhausted,,,,,,,
STEGO.R,,,GTP/ATP energy,,,,,,,
STEGO.R,,,HLA,,,,,,,
STEGO.R,,,IL-10 pathway,,,,,,,
STEGO.R,,,Adaptive-like γδ T cell,,TRGV2;TRGV3;TRGV4;TRGV5;TRGV8;TRDC;TRGC1;TRGC2;CD8A;CD8B; TRDV1;TRDV3,10,,,,
STEGO.R,,,Innate-like γδ T cell,,TRGV9;TRDV2,2,,,,
KEGG,hsa04660,T cell,KEGG_T_CELL_RECEPTOR_SIGNALING_PATHWAY,AKT3;RASGRP1;CDK4;PAK4;VAV3;NFAT5;MALT1;CHP1;CHUK;MAP3K8;MAPK14;CSF2;CTLA4;DLG1;AKT1;AKT2;FOS;PIK3R5;CBLC;FYN;LAT;GRB2;GSK3B;ICOS;HRAS;IFNG;IKBKB;IL2;IL4;IL5;IL10;ITK;JUN;KRAS;RHOA;LCK;LCP2;NCK1;NFATC1;NFATC2;NFATC3;NFATC4;NFKB1;NFKBIA;NFKBIB;NFKBIE;NRAS;PAK1;PAK2;PAK3;PDCD1;PDPK1;PIK3CA;PIK3CB;PIK3CD;PIK3CG;PIK3R1;PIK3R2;PLCG1;PPP3CA;PPP3CB;PPP3CC;PPP3R1;PPP3R2;PRKCQ;MAPK1;MAPK3;MAPK11;MAPK9;MAPK13;MAP2K1;MAP2K2;MAP2K7;PAK6;PAK5;PTPN6;PTPRC;RAF1;RELA;MAPK12;CHP2;SOS1;SOS2;MAP3K7;TEC;TNF;VAV1;VAV2;ZAP70;NCK2;CARD11;PIK3R3;IKBKG;CBL;CBLB;BCL10;MAP3K14;CD3D;CD3E;CD3G;CD247;CD4;CD8A;CD8B;CD28;GRAP2;CD40LG;CDC42,AKT3;RASGRP1;CDK4;PAK4;VAV3;NFAT5;MALT1;CHP1;CHUK;MAP3K8;MAPK14;CSF2;CTLA4;DLG1;AKT1;AKT2;FOS;PIK3R5;CBLC;FYN;LAT;GRB2;GSK3B;ICOS;HRAS;IFNG;IKBKB;IL2;IL4;IL5;IL10;ITK;JUN;KRAS;RHOA;LCK;LCP2;NCK1;NFATC1;NFATC2;NFATC3;NFATC4;NFKB1;NFKBIA;NFKBIB;NFKBIE;NRAS;PAK1;PAK2;PAK3;PDCD1;PDPK1;PIK3CA;PIK3CB;PIK3CD;PIK3CG;PIK3R1;PIK3R2;PLCG1;PPP3CA;PPP3CB;PPP3CC;PPP3R1;PPP3R2;PRKCQ;MAPK1;MAPK3;MAPK11;MAPK9;MAPK13;MAP2K1;MAP2K2;MAP2K7;PAK6;PAK5;PTPN6;PTPRC;RAF1;RELA;MAPK12;CHP2;SOS1;SOS2;MAP3K7;TEC;TNF;VAV1;VAV2;ZAP70;NCK2;CARD11;PIK3R3;IKBKG;CBL;CBLB;BCL10;MAP3K14;CD3D;CD3E;CD3G;CD247;CD4;CD8A;CD8B;CD28;GRAP2;CD40LG;CDC42,108,,,,
GOBP,GO:0050798,T cell,GOBP_ACTIVATED_T_CELL_PROLIFERATION,,CD24;BTN2A2;LILRB4;RIPK3;BTN3A1;HHLA2;CLC;TMIGD2;RC3H1;IL23R;AGER;EPO;ICOSLG;SCRIB;CADM1;ABL1;FYN;LRRC32;PYCARD;CD274;HMGB1;IGF1;IGF2;IGFBP2;IL2;IL2RA;IL12B;IL12RB1;IL18;IDO1;JAK3;ARG1;LGALS9;MIR181C;MIR21;MIR30B;FOXP3;IL23A;PPP3CA;PRKAR1A;PRNP;CRTAM;GPAM;RPS3;SLAMF1;STAT5B;PDCD1LG2;CASP3;TNFSF9;FADD,50,,,,
GOBP,GO:0006924,T cell,GOBP_ACTIVATION_INDUCED_CELL_DEATH_OF_T_CELLS,,RIPK3;TSC22D3;AKT1;FAS;IL2RA;GPAM;RPS6;FADD;DNAJA3,9,,,,
GOBP,GO:0046631,T cell,GOBP_ALPHA_BETA_T_CELL_ACTIVATION,,ADA;EBI3;TCIRG1;BATF;HSPH1;LILRB1;MALT1;LILRB4;CD160;CD300A;NLRP3;SLAMF6;PSMB11;ADORA2A;ATF2;RC3H1;IL23R;CTSL;NKX2-3;CD55;ZFPM1;AGER;DOCK2;GPR183;ELF4;IL27;MTOR;ABL1;FUT7;ZNF683;TMEM98;PTPN22;GATA3;PLA2G2D;FOXP1;GLI3;GPR18;LGALS9B;TRBC2;TRBC1;TRAC;CD274;TBX21;ANXA1;NCKAP1L;HFE;STOML2;HLA-A;HLA-DRA;HLA-DRB1;HLA-DRB3;HLA-E;HLX;HMGB1;CLEC4G;IFNG;IHH;IL2;IL2RA;IL2RG;IL4;IL4R;IL6;IL6R;IL12A;IL12B;IL12RB1;IL15;IL18;INS;IRF1;IRF4;ITK;ITPKB;JAK2;JAK3;JUNB;ARG2;RHOA;LGALS9;LY9;MIR21;SMAD7;MEN1;KMT2A;TARM1;MYB;NKG7;PNP;CLEC4A;FOXP3;ZBTB7B;LEF1;IL23A;ATP7A;SASH3;RC3H2;PRKCQ;PRKCZ;CRTAM;TWSG1;ENTPD7;PTGER4;SH3RF1;WDFY4;PTPRC;IL21;RARA;BCL2;RELB;BCL3;BCL6;CDH26;RORA;RORC;RPL22;CCL19;XCL1;PRDM1;VSIR;SEMA4A;NFKBIZ;KLHL25;SHB;SHH;BCL11B;RASAL3;SLC4A2;LGALS9C;SPN;BRAF;STAT3;STAT6;SYK;TGFBR2;TNFSF4;CCR2;TYK2;ZAP70;ZBTB16;NKAP;ARMC5;ZC3H12A;PRR7;NDFIP1;EOMES;ITCH;CARD11;LOXL3;NFKBID;AP3B1;RUNX1;RUNX3;CBFB;SOCS1;CBLB;TNFRSF14;RIPK2;IL18R1;AP3D1;TNFSF18;CD3D;RSAD2;CD3E;CD3G;CD247;CD83;CD28;CD80;CD86;TNFSF8;MAPK8IP1;SOCS5;CD81;TOX,175,,,,
GOBP,GO:0046632,T cell,GOBP_ALPHA_BETA_T_CELL_DIFFERENTIATION,,ADA;BATF;MALT1;LILRB4;NLRP3;SLAMF6;PSMB11;ATF2;RC3H1;IL23R;CTSL;NKX2-3;ZFPM1;GPR183;IL27;MTOR;ABL1;FUT7;ZNF683;TMEM98;GATA3;PLA2G2D;FOXP1;GLI3;GPR18;TBX21;ANXA1;NCKAP1L;HLA-DRA;HLA-DRB1;HLX;HMGB1;IFNG;IHH;IL2;IL2RG;IL4;IL4R;IL6;IL6R;IL12B;IL12RB1;IL18;IRF1;IRF4;ITK;ITPKB;JAK3;JUNB;RHOA;LGALS9;LY9;MIR21;SMAD7;MEN1;KMT2A;MYB;PNP;FOXP3;ZBTB7B;LEF1;IL23A;ATP7A;SASH3;RC3H2;PRKCZ;ENTPD7;PTGER4;SH3RF1;IL21;RARA;BCL2;RELB;BCL3;BCL6;RORA;RORC;RPL22;CCL19;PRDM1;SEMA4A;NFKBIZ;KLHL25;SHB;SHH;BCL11B;SLC4A2;SPN;BRAF;STAT3;STAT6;SYK;TGFBR2;TNFSF4;ZAP70;ZBTB16;NKAP;ARMC5;ZC3H12A;PRR7;EOMES;LOXL3;NFKBID;AP3B1;RUNX1;RUNX3;CBFB;SOCS1;RIPK2;IL18R1;AP3D1;TNFSF18;RSAD2;CD83;CD80;CD86;TNFSF8;SOCS5;TOX,119,,,,
GOBP,GO:0035710,T cell,GOBP_ALPHA_BETA_T_CELL_PROLIFERATION,,EBI3;CD55;DOCK2;ELF4;PTPN22;LGALS9B;CD274;HLA-A;HLA-E;CLEC4G;IL2;IL2RA;IL12B;IL15;IL18;IRF1;JAK2;ARG2;LGALS9;FOXP3;ZBTB7B;IL23A;PRKCQ;TWSG1;SH3RF1;PTPRC;XCL1;VSIR;RASAL3;SLC4A2;LGALS9C;SYK;TGFBR2;TNFSF4;CCR2;TYK2;ZAP70;NDFIP1;ITCH;CARD11;CBLB;TNFRSF14;RIPK2;CD3E;CD28;MAPK8IP1;CD81,47,,,,
GOBP,GO:0046633,T cell,GOBP_CD4_POSITIVE_ALPHA_BETA_T_CELL_ACTIVATION,,TCIRG1;BATF;MALT1;CD160;NLRP3;SLAMF6;RC3H1;IL23R;CTSL;NKX2-3;CD55;ZFPM1;AGER;GPR183;IL27;MTOR;FUT7;TMEM98;GATA3;PLA2G2D;FOXP1;LGALS9B;CD274;TBX21;ANXA1;NCKAP1L;STOML2;HLA-DRA;HLA-DRB1;HLA-DRB3;HLX;HMGB1;IFNG;IL2;IL2RA;IL2RG;IL4;IL4R;IL6;IL6R;IL12B;IL12RB1;IL18;IRF4;JAK3;JUNB;ARG2;LGALS9;LY9;MIR21;SMAD7;MEN1;KMT2A;TARM1;MYB;NKG7;FOXP3;ZBTB7B;LEF1;IL23A;ATP7A;SASH3;RC3H2;PRKCQ;PRKCZ;TWSG1;ENTPD7;PTGER4;SH3RF1;IL21;RARA;RELB;BCL3;BCL6;CDH26;RORA;RORC;CCL19;XCL1;VSIR;SEMA4A;NFKBIZ;KLHL25;SHB;LGALS9C;SPN;BRAF;STAT3;STAT6;TGFBR2;TNFSF4;ARMC5;ZC3H12A;NDFIP1;ITCH;CARD11;LOXL3;NFKBID;RUNX1;RUNX3;CBFB;SOCS1;CBLB;RIPK2;IL18R1;TNFSF18;RSAD2;CD3E;CD83;CD28;CD80;CD86;SOCS5;CD81;TOX,115,,,,
GOBP,GO:0035743,T cell,GOBP_CD4_POSITIVE_ALPHA_BETA_T_CELL_CYTOKINE_PRODUCTION,,ARID5A;NLRP3;DENND1B;GATA3;TBX21;IFNA2;IFNB1;IL1B;IL1R1;IL4;IL6;IL18;ARG1;PRKCZ;XCL1;SLAMF1;IL18R1;RSAD2;CD81,19,,,,
GOBP,GO:0043367,T cell,GOBP_CD4_POSITIVE_ALPHA_BETA_T_CELL_DIFFERENTIATION,,BATF;MALT1;NLRP3;SLAMF6;RC3H1;IL23R;CTSL;NKX2-3;ZFPM1;GPR183;IL27;MTOR;FUT7;TMEM98;GATA3;PLA2G2D;FOXP1;TBX21;ANXA1;NCKAP1L;HLA-DRA;HLA-DRB1;HLX;HMGB1;IFNG;IL2;IL2RG;IL4;IL4R;IL6;IL6R;IL12B;IL12RB1;IL18;IRF4;JAK3;JUNB;LGALS9;LY9;MIR21;SMAD7;MEN1;KMT2A;MYB;FOXP3;ZBTB7B;LEF1;IL23A;ATP7A;SASH3;RC3H2;PRKCZ;ENTPD7;PTGER4;SH3RF1;IL21;RARA;RELB;BCL3;BCL6;RORA;RORC;CCL19;SEMA4A;NFKBIZ;KLHL25;SHB;SPN;BRAF;STAT3;STAT6;TNFSF4;ARMC5;ZC3H12A;LOXL3;NFKBID;RUNX1;RUNX3;CBFB;SOCS1;RIPK2;IL18R1;TNFSF18;RSAD2;CD83;CD80;CD86;SOCS5;TOX,89,,,,
GOBP,GO:0035739,T cell,GOBP_CD4_POSITIVE_ALPHA_BETA_T_CELL_PROLIFERATION,,CD55;LGALS9B;CD274;IL2;IL2RA;ARG2;LGALS9;FOXP3;PRKCQ;TWSG1;XCL1;VSIR;LGALS9C;TGFBR2;NDFIP1;ITCH;CARD11;CBLB;RIPK2;CD3E;CD28;CD81,22,,,,
GOBP,GO:0002361,T cell,GOBP_CD4_POSITIVE_CD25_POSITIVE_ALPHA_BETA_REGULATORY_T_CELL_DIFFERENTIATION,,FUT7;PLA2G2D;HLA-DRA;HLA-DRB1;IFNG;IL2RG;LGALS9;FOXP3;KLHL25;TOX,10,,,,
GOBP,GO:0043369,T cell,GOBP_CD4_POSITIVE_OR_CD8_POSITIVE_ALPHA_BETA_T_CELL_LINEAGE_COMMITMENT,,BATF;SLAMF6;IL23R;CTSL;ZFPM1;MTOR;TBX21;IL6;IL6R;IL12B;IL12RB1;IRF4;LY9;FOXP3;IL23A;BCL2;SHH;SPN;BRAF;STAT3;STAT6;LOXL3;TNFSF18;TOX,24,,,,
GOBP,GO:0036037,T cell,GOBP_CD8_POSITIVE_ALPHA_BETA_T_CELL_ACTIVATION,,LILRB1;LILRB4;PSMB11;PTPN22;GPR18;CD274;NCKAP1L;HFE;HLA-A;HLA-E;IRF1;CLEC4A;ZBTB7B;CRTAM;SH3RF1;WDFY4;BCL2;XCL1;VSIR;SLC4A2;EOMES;RUNX1;RUNX3;CBFB;SOCS1;TNFSF8;MAPK8IP1;TOX,28,,,,
GOBP,GO:0043374,T cell,GOBP_CD8_POSITIVE_ALPHA_BETA_T_CELL_DIFFERENTIATION,,LILRB4;PSMB11;GPR18;NCKAP1L;IRF1;ZBTB7B;BCL2;SLC4A2;EOMES;RUNX1;RUNX3;CBFB;SOCS1;TNFSF8;TOX,15,,,,
GOBP,GO:0035740,T cell,GOBP_CD8_POSITIVE_ALPHA_BETA_T_CELL_PROLIFERATION,,PTPN22;HLA-A;HLA-E;IRF1;SH3RF1;XCL1;VSIR;SLC4A2;MAPK8IP1,9,,,,
GOBP,GO:0046629,T cell,GOBP_GAMMA_DELTA_T_CELL_ACTIVATION,,MICA;CCR9;LILRB1;JAML;CXADR;EGR3;GPR18;TRDC;NCKAP1L;ITK;JAG2;KLRC1;MICB;LEF1;PTPRC;NOD2;SOX4;STAT5B;SYK;TCF7;TRGC1;TRGC2;CD3E;CD3G;CD247;SOX13,26,,,,
GOBP,GO:0042492,T cell,GOBP_GAMMA_DELTA_T_CELL_DIFFERENTIATION,,CCR9;EGR3;GPR18;NCKAP1L;JAG2;KLRC1;LEF1;PTPRC;SOX4;STAT5B;SYK;TCF7;SOX13,13,,,,
GOBP,GO:0033079,T cell,GOBP_IMMATURE_T_CELL_PROLIFERATION,,ERBB2;TMEM131L;CLEC4G;IHH;IL1A;IL1B;TNFRSF9;FOXP3;WNT4;SHH;BMI1;BMP4;RIPK2,13,,,,
GOBP,GO:0046007,T cell,GOBP_NEGATIVE_REGULATION_OF_ACTIVATED_T_CELL_PROLIFERATION,,BTN2A2;LILRB4;RC3H1;SCRIB;LRRC32;CD274;ARG1;LGALS9;MIR181C;FOXP3;PRKAR1A;PRNP;CRTAM;PDCD1LG2;CASP3,15,,,,
GOBP,GO:0046636,T cell,GOBP_NEGATIVE_REGULATION_OF_ALPHA_BETA_T_CELL_ACTIVATION,,LILRB1;CD300A;ADORA2A;RC3H1;GLI3;LGALS9B;CD274;TBX21;ANXA1;HFE;HLX;HMGB1;CLEC4G;IHH;IL2;IL4;IL4R;JAK3;ARG2;LGALS9;SMAD7;TARM1;FOXP3;ZBTB7B;RC3H2;TWSG1;BCL6;XCL1;VSIR;SHH;SLC4A2;LGALS9C;TNFSF4;ZC3H12A;NDFIP1;ITCH;LOXL3;RUNX1;RUNX3;CBFB;SOCS1;CBLB;TNFRSF14;TNFSF18;SOCS5,45,,,,
GOBP,GO:0046639,T cell,GOBP_NEGATIVE_REGULATION_OF_ALPHA_BETA_T_CELL_DIFFERENTIATION,,RC3H1;GLI3;TBX21;ANXA1;HLX;HMGB1;IHH;IL2;IL4;IL4R;JAK3;SMAD7;FOXP3;ZBTB7B;RC3H2;BCL6;SHH;SLC4A2;TNFSF4;ZC3H12A;LOXL3;RUNX1;RUNX3;CBFB;SOCS1;TNFSF18;SOCS5,27,,,,
GOBP,GO:0046642,T cell,GOBP_NEGATIVE_REGULATION_OF_ALPHA_BETA_T_CELL_PROLIFERATION,,LGALS9B;CD274;CLEC4G;ARG2;LGALS9;FOXP3;ZBTB7B;TWSG1;XCL1;VSIR;SLC4A2;LGALS9C;NDFIP1;ITCH;CBLB;TNFRSF14,16,,,,
GOBP,GO:2000515,T cell,GOBP_NEGATIVE_REGULATION_OF_CD4_POSITIVE_ALPHA_BETA_T_CELL_ACTIVATION,,RC3H1;LGALS9B;CD274;TBX21;ANXA1;HLX;HMGB1;IL2;IL4;IL4R;JAK3;ARG2;LGALS9;SMAD7;TARM1;FOXP3;ZBTB7B;RC3H2;TWSG1;BCL6;XCL1;VSIR;LGALS9C;TNFSF4;ZC3H12A;NDFIP1;ITCH;LOXL3;RUNX1;RUNX3;CBFB;CBLB;TNFSF18;SOCS5,34,,,,
GOBP,GO:0043371,T cell,GOBP_NEGATIVE_REGULATION_OF_CD4_POSITIVE_ALPHA_BETA_T_CELL_DIFFERENTIATION,,RC3H1;TBX21;ANXA1;HLX;HMGB1;IL2;IL4;IL4R;JAK3;SMAD7;FOXP3;ZBTB7B;RC3H2;BCL6;TNFSF4;ZC3H12A;LOXL3;RUNX1;RUNX3;CBFB;TNFSF18;SOCS5,22,,,,
GOBP,GO:2000562,T cell,GOBP_NEGATIVE_REGULATION_OF_CD4_POSITIVE_ALPHA_BETA_T_CELL_PROLIFERATION,,LGALS9B;CD274;ARG2;LGALS9;FOXP3;TWSG1;XCL1;VSIR;LGALS9C;NDFIP1;ITCH;CBLB,12,,,,
GOBP,GO:2001186,T cell,GOBP_NEGATIVE_REGULATION_OF_CD8_POSITIVE_ALPHA_BETA_T_CELL_ACTIVATION,,LILRB1;CD274;HFE;ZBTB7B;VSIR;SLC4A2;SOCS1,7,,,,
GOBP,GO:0033087,T cell,GOBP_NEGATIVE_REGULATION_OF_IMMATURE_T_CELL_PROLIFERATION,,ERBB2;TMEM131L;CLEC4G;IHH;BMP4,5,,,,
GOBP,GO:0045590,T cell,GOBP_NEGATIVE_REGULATION_OF_REGULATORY_T_CELL_DIFFERENTIATION,,CTLA4;IRF1;LAG3;MIR21;MIR30B;MDK;TNFSF4,7,,,,
GOBP,GO:0070233,T cell,GOBP_NEGATIVE_REGULATION_OF_T_CELL_APOPTOTIC_PROCESS,,ADA;PTCRA;TSC22D3;EFNA1;KIFAP3;HIF1A;IL7R;IDO1;JAK3;ARG2;PIP;PRKCQ;GPAM;SLC46A2;RAG1;BCL2;BCL3;CCL5;ST3GAL1;BCL11B;BMP4;DOCK8;FADD;CD27,24,,,,
GOBP,GO:0002725,T cell,GOBP_NEGATIVE_REGULATION_OF_T_CELL_CYTOKINE_PRODUCTION,,LILRB4;TBX21;HFE;HLA-F;IFNA2;IFNB1;ARG1;SMAD7;FOXP3;XCL1;SLAMF1,11,,,,
GOBP,GO:0045581,T cell,GOBP_NEGATIVE_REGULATION_OF_T_CELL_DIFFERENTIATION,,FGL2;LILRB4;RC3H1;CTLA4;DTX1;ERBB2;FOXJ1;TMEM131L;GLI3;IFNL1;TBX21;ANXA1;HLX;HMGB1;CLEC4G;IFNA2;IFNB1;IHH;IL2;IL4;IL4R;IRF1;JAK3;LAG3;MIR21;MIR30B;SMAD7;MDK;NRARP;FOXP3;ZBTB7B;RC3H2;PTPN2;RAG2;BCL6;SHH;BMP4;SLC4A2;PRDX2;TNFSF4;ZC3H12A;ZC3H8;LOXL3;RUNX1;RUNX3;CBFB;SOCS1;TNFSF18;SOCS5;CD74,50,,,,
GOBP,GO:0033085,T cell,GOBP_NEGATIVE_REGULATION_OF_T_CELL_DIFFERENTIATION_IN_THYMUS,,ERBB2;FOXJ1;TMEM131L;CLEC4G;IHH;PTPN2;RAG2;SHH;BMP4;ZC3H8,10,,,,
GOBP,GO:0001915,T cell,GOBP_NEGATIVE_REGULATION_OF_T_CELL_MEDIATED_CYTOTOXICITY,,LILRB1;FCGR2B;NCKAP1L;HLA-G;IL7R;KLRC1;KLRD1;PPP3CB;PTPRC;CEACAM1,10,,,,
GOBP,GO:0002710,T cell,GOBP_NEGATIVE_REGULATION_OF_T_CELL_MEDIATED_IMMUNITY,,LILRB1;LILRB4;AHR;FCGR2B;IL4I1;TBX21;NCKAP1L;HFE;HLA-F;HLA-G;CLEC4G;IFNA2;IFNB1;IL7R;KLRC1;KLRD1;ARG1;SMAD7;FOXP3;IL20RB;PPP3CB;DUSP22;PTPRC;CEACAM1;XCL1;NOD2;SLAMF1,27,,,,
GOBP,GO:2000405,T cell,GOBP_NEGATIVE_REGULATION_OF_T_CELL_MIGRATION,,CD200R1;LRCH1;APOD;CD200;IL27RA;RIPOR2,6,,,,
GOBP,GO:0042130,T cell,GOBP_NEGATIVE_REGULATION_OF_T_CELL_PROLIFERATION,,TSPAN32;LILRB2;BTN2A2;GPNMB;CEBPB;LILRB1;LILRB4;GLMN;VSIG4;CR1;RC3H1;CTLA4;DLG1;ERBB2;FOXJ1;TMEM131L;SCRIB;IL4I1;LRRC32;PLA2G2D;TNFRSF21;LGALS9B;CD274;PLA2G2E;HLA-DRB1;HLA-G;CLEC4G;IHH;IL2RA;IL10;IDO1;ARG1;ARG2;LGALS9;MIR181C;PAWR;FOXP3;ZBTB7B;PLA2G2A;PLA2G5;IL20RB;PRKAR1A;PRNP;CRTAM;TWSG1;PELI1;PTPN6;XCL1;SDC4;VSIR;SFTPD;PLA2G2F;SHH;MARCHF7;BMP4;SLC4A2;LGALS9C;SPN;SCGB1A1;VTCN1;PDCD1LG2;NDFIP1;CASP3;ITCH;MAD1L1;HAVCR2;PDE5A;CBLB;TNFRSF14;DLG5;CD80;CD86,72,,,,
GOBP,GO:0050860,T cell,GOBP_NEGATIVE_REGULATION_OF_T_CELL_RECEPTOR_SIGNALING_PATHWAY,,BTN2A2;LILRB4;CD160;DUSP3;ELF1;PTPN22;GBP1;PHPT1;LGALS3;SH2D1A;PAWR;UBASH3A;PRNP;DUSP22;PTPN2;PTPN6;PTPRJ;CEACAM1;THY1;EZR;LAPTM5;PVRIG;SLA2;DGKZ;CBLB,25,,,,
GOBP,GO:2000317,T cell,GOBP_NEGATIVE_REGULATION_OF_T_HELPER_17_TYPE_IMMUNE_RESPONSE,,RC3H1;TBX21;IL2;IL4;SMAD7;FOXP3;ZBTB7B;RC3H2;ZC3H12A;LOXL3;TNFSF18;IL27RA,12,,,,
GOBP,GO:0002826,T cell,GOBP_NEGATIVE_REGULATION_OF_T_HELPER_1_TYPE_IMMUNE_RESPONSE,,IL4R;JAK3;XCL1;TNFSF4;HAVCR2;IL33;IL1RL1,7,,,,
GOBP,GO:0045623,T cell,GOBP_NEGATIVE_REGULATION_OF_T_HELPER_CELL_DIFFERENTIATION,,RC3H1;TBX21;ANXA1;HLX;IL2;IL4;IL4R;JAK3;SMAD7;FOXP3;ZBTB7B;RC3H2;BCL6;TNFSF4;ZC3H12A;LOXL3;TNFSF18;SOCS5,18,,,,
GOBP,GO:0043383,T cell,GOBP_NEGATIVE_T_CELL_SELECTION,,CCR7;DOCK2;GLI3;AIRE;THEMIS;PTPRC;SHH;ZAP70;CD3E;CD28;ATG5;CD74,12,,,,
GOBP,GO:0051132,NKT,GOBP_NK_T_CELL_ACTIVATION,,HSPH1;CD300A;IL23R;ELF4;IL12A;IL12B;IL15;IL18;JAK2;ZBTB7B;IL23A;RASAL3;TYK2,13,,,,
GOBP,GO:0001865,NKT,GOBP_NK_T_CELL_DIFFERENTIATION,,ATF2;ZNF683;ITK;ZBTB7B;PRDM1;TGFBR2;ZBTB16;AP3B1;AP3D1;TOX,10,,,,
GOBP,GO:0001866,NKT,GOBP_NK_T_CELL_PROLIFERATION,,ELF4;IL12B;IL15;IL18;JAK2;ZBTB7B;IL23A;RASAL3;TYK2,9,,,,
GOBP,GO:0042104,T cell,GOBP_POSITIVE_REGULATION_OF_ACTIVATED_T_CELL_PROLIFERATION,,CD24;HHLA2;TMIGD2;IL23R;AGER;EPO;ICOSLG;PYCARD;HMGB1;IGF1;IGF2;IGFBP2;IL2;IL2RA;IL12B;IL12RB1;IL18;JAK3;MIR21;MIR30B;IL23A;PPP3CA;GPAM;RPS3;SLAMF1;STAT5B;TNFSF9;FADD,28,,,,
GOBP,GO:0046635,T cell,GOBP_POSITIVE_REGULATION_OF_ALPHA_BETA_T_CELL_ACTIVATION,,ADA;EBI3;HSPH1;MALT1;LILRB4;CD160;NLRP3;IL23R;CD55;PTPN22;GLI3;ANXA1;NCKAP1L;HLA-A;HLA-DRA;HLA-DRB1;HLA-DRB3;HLA-E;HLX;IFNG;IHH;IL2RG;IL4R;IL12A;IL12B;IL12RB1;IL18;ITPKB;JAK2;RHOA;LGALS9;MIR21;PNP;FOXP3;ZBTB7B;IL23A;SASH3;PRKCQ;PRKCZ;PTPRC;RARA;CCL19;XCL1;NFKBIZ;KLHL25;SHB;SHH;RASAL3;SYK;TGFBR2;TNFSF4;CCR2;TYK2;ZAP70;ZBTB16;NKAP;CARD11;NFKBID;AP3B1;RUNX1;RUNX3;CBFB;SOCS1;RIPK2;AP3D1;CD3E;CD83;CD28;CD80;CD86;SOCS5;CD81,72,,,,
GOBP,GO:0046638,T cell,GOBP_POSITIVE_REGULATION_OF_ALPHA_BETA_T_CELL_DIFFERENTIATION,,ADA;MALT1;LILRB4;NLRP3;IL23R;GLI3;ANXA1;NCKAP1L;HLA-DRA;HLA-DRB1;HLX;IFNG;IHH;IL2RG;IL4R;IL12B;IL12RB1;IL18;ITPKB;RHOA;LGALS9;MIR21;PNP;FOXP3;ZBTB7B;IL23A;SASH3;PRKCZ;RARA;CCL19;NFKBIZ;KLHL25;SHB;SHH;SYK;TGFBR2;TNFSF4;ZAP70;ZBTB16;NKAP;NFKBID;AP3B1;RUNX1;RUNX3;CBFB;SOCS1;RIPK2;AP3D1;CD83;CD80;CD86;SOCS5,52,,,,
GOBP,GO:0046641,T cell,GOBP_POSITIVE_REGULATION_OF_ALPHA_BETA_T_CELL_PROLIFERATION,,EBI3;CD55;PTPN22;HLA-A;HLA-E;IL12B;IL18;JAK2;LGALS9;IL23A;PRKCQ;PTPRC;XCL1;RASAL3;SYK;TGFBR2;TNFSF4;CCR2;TYK2;ZAP70;CARD11;RIPK2;CD3E;CD28;CD81,25,,,,
GOBP,GO:2000516,T cell,GOBP_POSITIVE_REGULATION_OF_CD4_POSITIVE_ALPHA_BETA_T_CELL_ACTIVATION,,MALT1;CD160;NLRP3;IL23R;CD55;ANXA1;NCKAP1L;HLA-DRA;HLA-DRB1;HLA-DRB3;HLX;IFNG;IL2RG;IL4R;IL12B;IL12RB1;IL18;LGALS9;MIR21;FOXP3;ZBTB7B;IL23A;SASH3;PRKCQ;PRKCZ;RARA;CCL19;XCL1;NFKBIZ;KLHL25;SHB;TGFBR2;TNFSF4;CARD11;NFKBID;SOCS1;RIPK2;CD3E;CD83;CD28;CD80;CD86;SOCS5;CD81,44,,,,
GOBP,GO:0043372,T cell,GOBP_POSITIVE_REGULATION_OF_CD4_POSITIVE_ALPHA_BETA_T_CELL_DIFFERENTIATION,,MALT1;NLRP3;IL23R;ANXA1;NCKAP1L;HLA-DRA;HLA-DRB1;HLX;IFNG;IL2RG;IL4R;IL12B;IL12RB1;IL18;LGALS9;MIR21;FOXP3;ZBTB7B;IL23A;SASH3;PRKCZ;RARA;CCL19;NFKBIZ;KLHL25;SHB;TNFSF4;NFKBID;SOCS1;RIPK2;CD83;CD80;CD86;SOCS5,34,,,,
GOBP,GO:2000563,T cell,GOBP_POSITIVE_REGULATION_OF_CD4_POSITIVE_ALPHA_BETA_T_CELL_PROLIFERATION,,CD55;LGALS9;PRKCQ;XCL1;TGFBR2;CARD11;RIPK2;CD3E;CD28;CD81,10,,,,
GOBP,GO:2001187,T cell,GOBP_POSITIVE_REGULATION_OF_CD8_POSITIVE_ALPHA_BETA_T_CELL_ACTIVATION,,LILRB4;PTPN22;NCKAP1L;HLA-A;HLA-E;XCL1;RUNX1;RUNX3;CBFB,9,,,,
GOBP,GO:0043378,T cell,GOBP_POSITIVE_REGULATION_OF_CD8_POSITIVE_ALPHA_BETA_T_CELL_DIFFERENTIATION,,LILRB4;NCKAP1L;RUNX1;RUNX3;CBFB,5,,,,
GOBP,GO:0046645,T cell,GOBP_POSITIVE_REGULATION_OF_GAMMA_DELTA_T_CELL_ACTIVATION,,LILRB1;NCKAP1L;LEF1;PTPRC;NOD2;SOX4;STAT5B;SYK;SOX13,9,,,,
GOBP,GO:0045588,T cell,GOBP_POSITIVE_REGULATION_OF_GAMMA_DELTA_T_CELL_DIFFERENTIATION,,NCKAP1L;LEF1;PTPRC;SOX4;STAT5B;SYK;SOX13,7,,,,
GOBP,GO:0033091,T cell,GOBP_POSITIVE_REGULATION_OF_IMMATURE_T_CELL_PROLIFERATION,,IL1A;IL1B;FOXP3;SHH;BMI1;RIPK2,6,,,,
GOBP,GO:0043382,T cell,GOBP_POSITIVE_REGULATION_OF_MEMORY_T_CELL_DIFFERENTIATION,,IL23R;HLA-DRA;HLA-DRB1;IL12B;IL12RB1;CD46;PCK1;IL23A;TNFSF4,9,,,,
GOBP,GO:0045591,T cell,GOBP_POSITIVE_REGULATION_OF_REGULATORY_T_CELL_DIFFERENTIATION,,LILRB2;BTN2A2;KAT5;LILRB4;DUSP10;CR1;FOXO3;IL4I1;HLA-DRA;HLA-DRB1;HLA-G;IFNG;IL2;IL2RG;LGALS9;CD46;FOXP3;AMBRA1;BCL6;VSIR;KLHL25;SOX12;SOCS1,23,,,,
GOBP,GO:0070234,T cell,GOBP_POSITIVE_REGULATION_OF_T_CELL_APOPTOTIC_PROCESS,,BCL2L11;ADAM8;LGALS16;PRELID1;CD274;IDO1;LGALS9;P2RX7;PDCD1;CCL5;TP53;WNT5A;ZC3H8,13,,,,
GOBP,GO:0002726,T cell,GOBP_POSITIVE_REGULATION_OF_T_CELL_CYTOKINE_PRODUCTION,,ARID5A;MALT1;NLRP3;CD55;DENND1B;GATA3;TBX21;HLA-A;IL1B;IL1R1;IL4;IL6;IL18;SASH3;PRKCZ;B2M;XCL1;SLAMF1;MAP3K7;TRAF2;TRAF6;TNFSF4;FZD5;IL18R1;RSAD2;CD81,26,,,,
GOBP,GO:0033089,T cell,GOBP_POSITIVE_REGULATION_OF_T_CELL_DIFFERENTIATION_IN_THYMUS,,ADA;ADAM8;RASGRP1;EGR3;GLI2;IHH;IL2RG;IL7R;SHH;VNN1;TESPA1,11,,,,
GOBP,GO:0001916,T cell,GOBP_POSITIVE_REGULATION_OF_T_CELL_MEDIATED_CYTOTOXICITY,,MICA;RAET1E;IL23R;RAET1L;HFE;HLA-A;HLA-B;HLA-C;HLA-DRA;HLA-DRB1;HLA-E;HLA-F;HLA-G;HLA-H;MR1;RAET1G;IL12A;IL12B;IL12RB1;MICB;P2RX7;IL23A;CYRIB;B2M;PTPRC;PVR;NECTIN2;XCL1;TAP2;ULBP3;ULBP2;ULBP1;STX7;FADD;CD1A;CD1B;CD1C;CD1D;CD1E;SLC22A13,40,,,,
GOBP,GO:0002842,T cell,GOBP_POSITIVE_REGULATION_OF_T_CELL_MEDIATED_IMMUNE_RESPONSE_TO_TUMOR_CELL,,HLA-DRB1;HLA-DRB3;MR1;HSPD1;FBXO38;SLC22A13,6,,,,
GOBP,GO:0002711,T cell,GOBP_POSITIVE_REGULATION_OF_T_CELL_MEDIATED_IMMUNITY,,MICA;ARID5A;MALT1;NLRP3;RAET1E;IL23R;RAET1L;CD55;DENND1B;ZBTB1;GATA3;TBX21;HFE;HLA-A;HLA-B;HLA-C;HLA-DRA;HLA-DRB1;HLA-DRB3;HLA-E;HLA-F;HLA-G;HLA-H;MR1;HSPD1;RAET1G;IL1B;IL1R1;IL4;IL6;IL12A;IL12B;IL12RB1;IL18;MICB;P2RX7;FOXP3;IL23A;CYRIB;SASH3;PRKCZ;B2M;PTPRC;PVR;NECTIN2;XCL1;SLAMF1;MAP3K7;TAP2;TRAF2;TRAF6;TNFSF4;ZP3;FZD5;ULBP3;ULBP2;ULBP1;FBXO38;STX7;FADD;IL18R1;CD1A;CD1B;CD1C;CD1D;CD1E;RSAD2;SLC22A13;CD81,69,,,,
GOBP,GO:2000406,T cell,GOBP_POSITIVE_REGULATION_OF_T_CELL_MIGRATION,,ADAM8;ADAM10;CXCL13;CORO1A;AIF1;ABL1;ABL2;STK39;TMEM102;PYCARD;APP;CXCL10;ITGA4;ITGB3;RHOA;SELENOK;S100A7;CCL5;CCL20;CCL21;XCL1;CXCL12;WNK1;SPN;XCL2;ADAM17;CCR2;WNT5A;DOCK8;CD99L2;TNFSF14;TNFRSF14;FADD;OXSR1,34,,,,
GOBP,GO:0042102,T cell,GOBP_POSITIVE_REGULATION_OF_T_CELL_PROLIFERATION,,CD24;EBI3;LILRB2;TNFSF13B;HHLA2;CORO1A;TNFRSF13C;TMIGD2;IL23R;CLECL1P;CD55;DHPS;AGER;EFNB1;AIF1;EPO;ICOSLG;PTPN22;CCDC88B;PYCARD;CD274;ANXA1;NCKAP1L;CD209;HLA-A;HLA-DMB;HLA-DPA1;HLA-DPB1;HLA-E;HMGB1;HES1;IGF1;IGF2;IGFBP2;IL1A;IL1B;IL2;IL2RA;IL4;IL6;IL6ST;IL12B;IL12RB1;IL15;IL18;JAK2;JAK3;LEP;LGALS9;MIR21;MIR30B;CD46;KITLG;NCK1;PNP;FOXP3;IL23A;SASH3;PPP3CA;PRKCQ;GPAM;ZP4;PTPRC;SELENOK;IL21;RPS3;CCL5;CCL19;XCL1;SHH;BMI1;RASAL3;SLAMF1;SLC7A1;SPTA1;STAT5B;SYK;TFRC;TGFBR2;TRAF6;TNFSF4;CCR2;TYK2;VCAM1;ZAP70;ZP3;VTCN1;PDCD1LG2;CD276;NCK2;CARD11;HAVCR2;TNFSF9;RIPK2;FADD;DNAJA3;CD1D;CD3E;CD6;CD28;CD80;CD86;CD40LG;CD70;CD81,105,,,,
GOBP,GO:0050862,T cell,GOBP_POSITIVE_REGULATION_OF_T_CELL_RECEPTOR_SIGNALING_PATHWAY,,ADA;CD226;CCR7;PRKD2;KCNN4;LCK;TRAT1;NECTIN2;RELA;RPS3;CARD11;IKBKG;BCL10;RAB29;CD81;TESPA1,16,,,,
GOBP,GO:0002666,T cell,GOBP_POSITIVE_REGULATION_OF_T_CELL_TOLERANCE_INDUCTION,,LILRB2;LILRB4;HLA-G;IDO1;FOXP3;TGFBR2;ITCH;CBLB;CD3E,9,,,,
GOBP,GO:2000321,T cell,GOBP_POSITIVE_REGULATION_OF_T_HELPER_17_CELL_DIFFERENTIATION,,MALT1;IL23R;IL12B;IL12RB1;MIR21;IL23A;NFKBIZ;NFKBID,8,,,,
GOBP,GO:2000318,T cell,GOBP_POSITIVE_REGULATION_OF_T_HELPER_17_TYPE_IMMUNE_RESPONSE,,ARID5A;MALT1;IL23R;NLRP10;IL12B;IL12RB1;JAK2;MIR21;IL23A;PRKCQ;CARD9;NFKBIZ;CLEC7A;TYK2;NFKBID;CLEC6A,16,,,,
GOBP,GO:0045627,T cell,GOBP_POSITIVE_REGULATION_OF_T_HELPER_1_CELL_DIFFERENTIATION,,ANXA1;HLX;CCL19;RIPK2;CD80;SOCS5,6,,,,
GOBP,GO:0002827,T cell,GOBP_POSITIVE_REGULATION_OF_T_HELPER_1_TYPE_IMMUNE_RESPONSE,,ARID5A;IL23R;TBX21;NLRP10;IL1B;IL1R1;IL12B;IL12RB1;IL18;IL23A;PLA2G4A;XCL1;SLAMF1;SLC11A1;CCR2;RIPK2;IL18R1;IL27RA,18,,,,
GOBP,GO:2000553,T cell,GOBP_POSITIVE_REGULATION_OF_T_HELPER_2_CELL_CYTOKINE_PRODUCTION,,NLRP3;DENND1B;GATA3;IL4;IL6;PRKCZ;XCL1;RSAD2;CD81,9,,,,
GOBP,GO:0045630,T cell,GOBP_POSITIVE_REGULATION_OF_T_HELPER_2_CELL_DIFFERENTIATION,,NLRP3;IL4R;IL18;PRKCZ;RARA;TNFSF4;CD86,7,,,,
GOBP,GO:0045624,T cell,GOBP_POSITIVE_REGULATION_OF_T_HELPER_CELL_DIFFERENTIATION,,MALT1;NLRP3;IL23R;ANXA1;HLX;IL4R;IL12B;IL12RB1;IL18;MIR21;IL23A;PRKCZ;RARA;CCL19;NFKBIZ;SHB;TNFSF4;NFKBID;RIPK2;CD80;CD86;SOCS5,22,,,,
GOBP,GO:0043368,T cell,GOBP_POSITIVE_T_CELL_SELECTION,,BATF;SLAMF6;IL23R;CTSL;ZFPM1;DOCK2;MTOR;TBX21;IL6;IL6R;IL12B;IL12RB1;IRF4;ITPKB;THEMIS;LY9;FOXP3;IL23A;PTPN2;PTPRC;BCL2;SHH;BCL11B;SPN;SRF;BRAF;STAT3;STAT6;STK11;ZAP70;FOXN1;LOXL3;TNFSF18;CD3D;CD3E;CD3G;CD74;TOX,38,,,,
GOBP,GO:0045059,T cell,GOBP_POSITIVE_THYMIC_T_CELL_SELECTION,,DOCK2;ITPKB;PTPN2;PTPRC;SHH;SRF;STK11;ZAP70;FOXN1;CD3D;CD3E;CD3G;CD74;TOX,14,,,,
GOBP,GO:2000514,T cell,GOBP_REGULATION_OF_CD4_POSITIVE_ALPHA_BETA_T_CELL_ACTIVATION,,BATF;MALT1;CD160;NLRP3;RC3H1;IL23R;CD55;AGER;IL27;GATA3;LGALS9B;CD274;TBX21;ANXA1;NCKAP1L;HLA-DRA;HLA-DRB1;HLA-DRB3;HLX;HMGB1;IFNG;IL2;IL2RA;IL2RG;IL4;IL4R;IL12B;IL12RB1;IL18;IRF4;JAK3;JUNB;ARG2;LGALS9;MIR21;SMAD7;TARM1;FOXP3;ZBTB7B;IL23A;SASH3;RC3H2;PRKCQ;PRKCZ;TWSG1;SH3RF1;RARA;BCL6;CCL19;XCL1;VSIR;NFKBIZ;KLHL25;SHB;LGALS9C;TGFBR2;TNFSF4;ZC3H12A;NDFIP1;ITCH;CARD11;LOXL3;NFKBID;RUNX1;RUNX3;CBFB;SOCS1;CBLB;RIPK2;TNFSF18;CD3E;CD83;CD28;CD80;CD86;SOCS5;CD81,77,,,,
GOBP,GO:0043370,T cell,GOBP_REGULATION_OF_CD4_POSITIVE_ALPHA_BETA_T_CELL_DIFFERENTIATION,,BATF;MALT1;NLRP3;RC3H1;IL23R;IL27;GATA3;TBX21;ANXA1;NCKAP1L;HLA-DRA;HLA-DRB1;HLX;HMGB1;IFNG;IL2;IL2RG;IL4;IL4R;IL12B;IL12RB1;IL18;IRF4;JAK3;JUNB;LGALS9;MIR21;SMAD7;FOXP3;ZBTB7B;IL23A;SASH3;RC3H2;PRKCZ;SH3RF1;RARA;BCL6;CCL19;NFKBIZ;KLHL25;SHB;TNFSF4;ZC3H12A;LOXL3;NFKBID;RUNX1;RUNX3;CBFB;SOCS1;RIPK2;TNFSF18;CD83;CD80;CD86;SOCS5,55,,,,
GOBP,GO:0032829,T cell,GOBP_REGULATION_OF_CD4_POSITIVE_CD25_POSITIVE_ALPHA_BETA_REGULATORY_T_CELL_DIFFERENTIATION,,HLA-DRA;HLA-DRB1;IFNG;IL2RG;LGALS9;FOXP3;KLHL25,7,,,,
GOBP,GO:2001185,T cell,GOBP_REGULATION_OF_CD8_POSITIVE_ALPHA_BETA_T_CELL_ACTIVATION,,LILRB1;LILRB4;PTPN22;CD274;NCKAP1L;HFE;HLA-A;HLA-E;IRF1;ZBTB7B;CRTAM;SH3RF1;XCL1;VSIR;SLC4A2;RUNX1;RUNX3;CBFB;SOCS1;MAPK8IP1,20,,,,
GOBP,GO:0043376,T cell,GOBP_REGULATION_OF_CD8_POSITIVE_ALPHA_BETA_T_CELL_DIFFERENTIATION,,LILRB4;NCKAP1L;ZBTB7B;SLC4A2;RUNX1;RUNX3;CBFB;SOCS1,8,,,,
GOBP,GO:1903903,T cell,GOBP_REGULATION_OF_ESTABLISHMENT_OF_T_CELL_POLARITY,,FLOT2;ABL1;ABL2;GSN;DOCK8;RIPOR2,6,,,,
GOBP,GO:0051133,NKT,GOBP_REGULATION_OF_NK_T_CELL_ACTIVATION,,HSPH1;CD300A;IL23R;IL12A;IL12B;IL18;JAK2;ZBTB7B;IL23A;RASAL3;TYK2,11,,,,
GOBP,GO:0051136,NKT,GOBP_REGULATION_OF_NK_T_CELL_DIFFERENTIATION,,ZNF683;PRDM1;TGFBR2;ZBTB16;AP3B1;AP3D1,6,,,,
GOBP,GO:0051140,NKT,GOBP_REGULATION_OF_NK_T_CELL_PROLIFERATION,,IL12B;IL18;JAK2;ZBTB7B;IL23A;RASAL3;TYK2,7,,,,
GOBP,GO:0050863,T cell,GOBP_REGULATION_OF_T_CELL_ACTIVATION,,ADA;CD24;KLRC4-KLRK1;TSPAN32;ADAM8;RASGRP1;EBI3;LILRB2;SIRPB1;BTN2A2;GPNMB;CEBPB;KAT5;BATF;TNFSF13B;HSPH1;LILRB1;FGL2;MALT1;SPINK5;LILRB4;RIPK3;CD160;GLMN;HHLA2;CORO1A;DUSP10;TREX1;CD300A;VSIG4;NLRP3;CGAS;TNFRSF13C;CLC;CLPTM1;CCR7;TMIGD2;MAP3K8;ADORA2A;CR1;SIRPA;CSK;PIK3R6;RC3H1;IL23R;CTLA4;CTNNB1;CTSG;CLECL1P;CD55;DHPS;DLG1;AGER;DPP4;DTX1;DUSP3;EFNB1;EFNB2;EFNB3;EGR3;ARID2;AIF1;TIGIT;EPO;ERBB2;AKT1;FANCA;FANCD2;FCGR2B;FGL1;ZBTB1;KLRK1;FOXJ1;FOXO3;FCHO1;FLOT2;TMEM131L;ICOSLG;SCRIB;IL27;ABL1;FYN;ZNF683;IL4I1;LRRC32;PTPN22;GATA3;PLA2G2D;KAT2A;ABL2;LAT;PRELID1;IL36B;SIT1;TNFRSF21;GLI2;GLI3;IFNL1;CCDC88B;LGALS9B;DROSHA;PYCARD;BRD7;CD274;ICOS;TBX21;ANXA1;NCKAP1L;HFE;PLA2G2E;CD209;HLA-A;HLA-DMA;HLA-DMB;HLA-DOA;HLA-DOB;HLA-DPA1;HLA-DPB1;HLA-DQA1;HLA-DQA2;HLA-DQB1;HLA-DQB2;HLA-DRA;HLA-DRB1;HLA-DRB3;HLA-DRB4;HLA-DRB5;HLA-E;HLA-G;HLX;HMGB1;HES1;HSPD1;CLEC4G;IFNA2;IFNB1;IFNG;IGF1;IGF2;IGFBP2;IHH;IL1A;IL1B;IL2;IL2RA;IL2RG;IL4;IL4R;IL6;IL6ST;IL7;IL7R;IL10;IL12A;IL12B;IL12RB1;IL15;TNFRSF9;IL18;IDO1;IRF1;IRF4;ITPKB;JAK2;JAK3;JUNB;ARG1;ARG2;RHOA;ILDR2;LAG3;LCK;LEP;LGALS1;LGALS3;LGALS9;RHOH;LMO1;LYN;MIR181C;MIR21;MIR27A;MIR30B;SMAD7;CD46;MDK;KITLG;NRARP;TARM1;NCK1;PNP;PAWR;FOXP3;ZBTB7B;PCK1;LEF1;ACTL6B;IL23A;CYRIB;PIK3CA;PLA2G2A;PLA2G5;IL20RB;SASH3;RC3H2;LAX1;PBRM1;PHF10;PPP3CA;SIRPG;AMBRA1;PRKAR1A;PAG1;PRKCQ;PRKCZ;PRNP;CRTAM;METTL3;CYP26B1;B2M;PSG9;DUSP22;TWSG1;PELI1;ZMIZ1;BAD;ARID1B;SH3RF1;GPAM;PTPN2;PTPN6;PTPN11;ZP4;SLC46A2;PTPRC;SELENOK;RAC2;RAG1;RAG2;IL21;RARA;ACTB;BCL6;RPS3;CEACAM1;CCL2;CCL5;CCL19;CCL21;BID;XCL1;SDC4;PRDM1;VSIR;NOD2;NFKBIZ;SFTPD;KLHL25;PLA2G2F;SHB;SHH;BMI1;MARCHF7;RASAL3;SLAMF1;BMP4;SLC4A2;SLC7A1;LGALS9C;SMARCA2;SMARCA4;SMARCB1;SMARCC1;SMARCC2;SMARCD1;SMARCD2;SMARCD3;SMARCE1;SOD1;SOS1;SOS2;SOX4;SOX12;SPN;SPTA1;SRC;BRAF;STAT5B;SYK;TCF7;ZEB1;PRDX2;TFRC;TGFBR2;THY1;TNFRSF1B;TRAF6;TNFSF4;CCR2;TYK2;SCGB1A1;VAV1;VCAM1;WNT10B;XBP1;YES1;ZAP70;ZBTB16;ZP3;LAPTM5;NKAP;TNFAIP8L2;VTCN1;ZC3H12A;PDCD1LG2;CD276;NDFIP1;CAMK4;DOCK8;ARID1A;CASP3;ITCH;MAD1L1;NCK2;CARD11;ZC3H8;FOXN1;LOXL3;NFKBID;HAVCR2;AP3B1;CAV1;ACTL6A;TNFSF11;RUNX1;RUNX3;CBFB;SOCS1;PDE5A;CBLB;TNFSF14;TNFSF9;TNFRSF14;RIPK2;FADD;IL1RL2;VNN1;BCL10;AP3D1;TNFSF18;SART1;DNAJA3;CD1D;CD2;CD3E;CD4;CD5;CD6;DLG5;SOCS6;CD83;CD27;CD28;CD80;CD86;TNFSF8;MAPK8IP1;SOX13;CD40LG;CD47;SOCS5;CD70;CD74;CD81;RIPOR2;TOX;TESPA1,377,,,,
GOBP,GO:2001188,T cell,GOBP_REGULATION_OF_T_CELL_ACTIVATION_VIA_T_CELL_RECEPTOR_CONTACT_WITH_ANTIGEN_BOUND_TO_MHC_MOLECULE_ON_ANTIGEN_PRESENTING_CELL,,LILRB1;HLA-DMB;LGALS3;LGALS9;HAVCR2;CD81,6,,,,
GOBP,GO:0070232,T cell,GOBP_REGULATION_OF_T_CELL_APOPTOTIC_PROCESS,,ADA;BCL2L11;ADAM8;RIPK3;LGALS16;GIMAP8;PTCRA;TSC22D3;EFNA1;KIFAP3;PRKD2;PRELID1;CD274;HIF1A;IL7R;IDO1;JAK3;ARG2;LGALS3;LGALS9;P2RX7;PDCD1;PIP;PRKCQ;GPAM;SLC46A2;RAG1;BCL2;BCL3;CCL5;ST3GAL1;BCL11B;BMP4;TP53;WNT5A;DOCK8;ZC3H8;FADD;CD27,39,,,,
GOBP,GO:0010819,T cell,GOBP_REGULATION_OF_T_CELL_CHEMOTAXIS,,ADAM10;CXCL13;STK39;TMEM102;CXCL10;S100A7;CCL5;CCL21;XCL1;WNK1;XCL2;ADAM17;CCR2;WNT5A;TNFSF14;OXSR1,16,,,,
GOBP,GO:2000523,T cell,GOBP_REGULATION_OF_T_CELL_COSTIMULATION,,LILRB2;LILRB4;CD160;CCR7;TNFSF4,5,,,,
GOBP,GO:0045580,T cell,GOBP_REGULATION_OF_T_CELL_DIFFERENTIATION,,ADA;ADAM8;RASGRP1;LILRB2;BTN2A2;KAT5;BATF;FGL2;MALT1;SPINK5;LILRB4;DUSP10;NLRP3;CLPTM1;CR1;PIK3R6;RC3H1;IL23R;CTLA4;DTX1;EGR3;ARID2;ERBB2;FANCA;FANCD2;ZBTB1;FOXJ1;FOXO3;TMEM131L;IL27;ABL1;ZNF683;IL4I1;GATA3;KAT2A;PRELID1;IL36B;GLI2;GLI3;IFNL1;DROSHA;BRD7;TBX21;ANXA1;NCKAP1L;HLA-DOA;HLA-DRA;HLA-DRB1;HLA-G;HLX;HMGB1;CLEC4G;IFNA2;IFNB1;IFNG;IHH;IL2;IL2RA;IL2RG;IL4;IL4R;IL7;IL7R;IL12B;IL12RB1;IL15;IL18;IRF1;IRF4;ITPKB;JAK3;JUNB;RHOA;LAG3;LGALS9;RHOH;MIR21;MIR30B;SMAD7;CD46;MDK;NRARP;PNP;FOXP3;ZBTB7B;PCK1;LEF1;ACTL6B;IL23A;SASH3;RC3H2;PBRM1;PHF10;AMBRA1;PRKCZ;CRTAM;METTL3;CYP26B1;PSG9;ZMIZ1;BAD;ARID1B;SH3RF1;PTPN2;SLC46A2;PTPRC;RAG1;RAG2;RARA;ACTB;BCL6;CCL19;PRDM1;VSIR;NFKBIZ;KLHL25;SHB;SHH;BMP4;SLC4A2;SMARCA2;SMARCA4;SMARCB1;SMARCC1;SMARCC2;SMARCD1;SMARCD2;SMARCD3;SMARCE1;SOD1;SOS1;SOS2;SOX4;SOX12;BRAF;STAT5B;SYK;TCF7;ZEB1;PRDX2;TGFBR2;TNFSF4;CCR2;WNT10B;XBP1;ZAP70;ZBTB16;NKAP;ZC3H12A;CAMK4;ARID1A;CARD11;ZC3H8;FOXN1;LOXL3;NFKBID;AP3B1;ACTL6A;RUNX1;RUNX3;CBFB;SOCS1;TNFSF9;RIPK2;IL1RL2;VNN1;AP3D1;TNFSF18;SART1;CD2;CD83;CD27;CD28;CD80;CD86;SOX13;SOCS5;CD74;TOX;TESPA1,180,,,,
GOBP,GO:0033081,T cell,GOBP_REGULATION_OF_T_CELL_DIFFERENTIATION_IN_THYMUS,,ADA;ADAM8;RASGRP1;CLPTM1;EGR3;ERBB2;FOXJ1;TMEM131L;GLI2;CLEC4G;IHH;IL2RG;IL7R;PTPN2;RAG2;SHH;BMP4;SOD1;SOS1;SOS2;ZEB1;CAMK4;ZC3H8;FOXN1;VNN1;TOX;TESPA1,27,,,,
GOBP,GO:2000407,T cell,GOBP_REGULATION_OF_T_CELL_EXTRAVASATION,,RIPK3;CCR2;CD99L2;FADD;IL27RA,5,,,,
GOBP,GO:0001914,T cell,GOBP_REGULATION_OF_T_CELL_MEDIATED_CYTOTOXICITY,,MICA;LILRB1;RIPK3;RAET1E;IL23R;RAET1L;AGER;FCGR2B;NCKAP1L;HFE;HLA-A;HLA-B;HLA-C;HLA-DRA;HLA-DRB1;HLA-E;HLA-F;HLA-G;HLA-H;MR1;RAET1G;IL7R;IL12A;IL12B;IL12RB1;KLRC1;KLRD1;MICB;P2RX7;IL23A;CYRIB;PPP3CB;B2M;PTPRC;PVR;NECTIN2;CEACAM1;XCL1;TAP2;ULBP3;ULBP2;ULBP1;STX7;FADD;CD1A;CD1B;CD1C;CD1D;CD1E;SLC22A13,50,,,,
GOBP,GO:0002840,T cell,GOBP_REGULATION_OF_T_CELL_MEDIATED_IMMUNE_RESPONSE_TO_TUMOR_CELL,,AHR;IL4I1;HLA-DRB1;HLA-DRB3;MR1;HMGB1;HSPD1;FBXO38;SLC22A13,9,,,,
GOBP,GO:0002709,T cell,GOBP_REGULATION_OF_T_CELL_MEDIATED_IMMUNITY,,MICA;LILRB1;ARID5A;MALT1;LILRB4;RIPK3;NLRP3;CLC;RAET1E;IL23R;RAET1L;CD55;DENND1B;AGER;AHR;FCGR2B;ZBTB1;FUT7;IL4I1;GATA3;TBX21;NCKAP1L;HFE;HLA-A;HLA-B;HLA-C;HLA-DRA;HLA-DRB1;HLA-DRB3;HLA-E;HLA-F;HLA-G;HLA-H;MR1;HMGB1;HSPD1;CLEC4G;IFNA2;IFNB1;RAET1G;IL1B;IL1R1;IL4;IL6;IL7R;IL12A;IL12B;IL12RB1;IL18;KLRC1;KLRD1;ARG1;SMAD7;MICB;P2RX7;FOXP3;IL23A;CYRIB;IL20RB;SASH3;TRPM4;PPP3CB;PRKCZ;B2M;DUSP22;PTPRC;PVR;NECTIN2;CEACAM1;XCL1;NOD2;SLAMF1;MAP3K7;TAP2;TNFRSF1B;TRAF2;TRAF6;TNFSF4;CCR2;WAS;ZP3;FZD5;ULBP3;ULBP2;ULBP1;FBXO38;STX7;FADD;IL18R1;CD1A;CD1B;CD1C;CD1D;CD1E;RSAD2;SLC22A13;CD81,97,,,,
GOBP,GO:2000404,T cell,GOBP_REGULATION_OF_T_CELL_MIGRATION,,ADAM8;ADAM10;CXCL13;RIPK3;CORO1A;CCR6;SPNS2;CD200R1;CRK;CRKL;ECM1;AIF1;LRCH1;ABL1;ABL2;STK39;TMEM102;PYCARD;AIRE;APOD;APP;CXCL10;ITGA4;ITGB3;RHOA;GPR15LG;CD200;SELENOK;S100A7;CCL5;CCL20;CCL21;XCL1;CXCL12;WNK1;SPN;XCL2;ADAM17;CCR2;WNT5A;DOCK8;CD99L2;TNFSF14;TNFRSF14;FADD;IL27RA;RIPOR2;OXSR1,48,,,,
GOBP,GO:0050856,T cell,GOBP_REGULATION_OF_T_CELL_RECEPTOR_SIGNALING_PATHWAY,,ADA;BTN2A2;CD226;MALT1;LILRB4;CD160;CD300A;CCR7;RC3H1;DUSP3;ELF1;PRKD2;PTPN22;GBP1;PHPT1;KCNN4;LCK;LGALS3;SH2D1A;PAWR;TRAT1;UBASH3A;PRNP;DUSP22;PTPN2;PTPN6;PTPRJ;NECTIN2;RELA;RPS3;CEACAM1;THY1;EZR;LAPTM5;PVRIG;SLA2;CARD11;IKBKG;DGKZ;CBLB;BCL10;RAB29;CD81;TESPA1,44,,,,
GOBP,GO:1904429,T cell,GOBP_REGULATION_OF_T_CIRCLE_FORMATION,,ERCC1;RTEL1;SLX1A;TERF2;XRCC5;SLX1B;SLX4,7,,,,
GOBP,GO:2000319,T cell,GOBP_REGULATION_OF_T_HELPER_17_CELL_DIFFERENTIATION,,BATF;MALT1;RC3H1;IL23R;TBX21;IL2;IL4;IL12B;IL12RB1;JUNB;MIR21;SMAD7;FOXP3;ZBTB7B;IL23A;RC3H2;NFKBIZ;ZC3H12A;LOXL3;NFKBID;TNFSF18,21,,,,
GOBP,GO:2000328,T cell,GOBP_REGULATION_OF_T_HELPER_17_CELL_LINEAGE_COMMITMENT,,IL23R;TBX21;IL12B;IL12RB1;IL23A;LOXL3;TNFSF18,7,,,,
GOBP,GO:2000316,T cell,GOBP_REGULATION_OF_T_HELPER_17_TYPE_IMMUNE_RESPONSE,,BATF;ARID5A;MALT1;RC3H1;IL23R;EPHB2;TBX21;NLRP10;IL2;IL4;IL12B;IL12RB1;JAK2;JUNB;MIR21;SMAD7;FOXP3;ZBTB7B;IL23A;RC3H2;PRKCQ;CARD9;NFKBIZ;CLEC7A;TYK2;ZC3H12A;LOXL3;NFKBID;TNFSF18;CLEC6A;IL27RA,31,,,,
GOBP,GO:0045625,T cell,GOBP_REGULATION_OF_T_HELPER_1_CELL_DIFFERENTIATION,,IL27;ANXA1;HLX;IL4R;JAK3;CCL19;TNFSF4;RIPK2;CD80;SOCS5,10,,,,
GOBP,GO:0002825,T cell,GOBP_REGULATION_OF_T_HELPER_1_TYPE_IMMUNE_RESPONSE,,ARID5A;IL23R;IL27;TBX21;ANXA1;HLX;NLRP10;IL1B;IL1R1;IL4R;IL12B;IL12RB1;IL18;JAK3;IL23A;PLA2G4A;CCL19;XCL1;SLAMF1;SLC11A1;TNFSF4;CCR2;HAVCR2;RIPK2;IL18R1;IL33;IL1RL1;CD80;IL27RA;SOCS5,30,,,,
GOBP,GO:0045628,T cell,GOBP_REGULATION_OF_T_HELPER_2_CELL_DIFFERENTIATION,,NLRP3;ANXA1;HLX;IL4R;IL18;PRKCZ;RARA;BCL6;TNFSF4;CD86;SOCS5,11,,,,
GOBP,GO:0045622,T cell,GOBP_REGULATION_OF_T_HELPER_CELL_DIFFERENTIATION,,BATF;MALT1;NLRP3;RC3H1;IL23R;IL27;GATA3;TBX21;ANXA1;HLA-DRA;HLA-DRB1;HLX;IL2;IL4;IL4R;IL12B;IL12RB1;IL18;IRF4;JAK3;JUNB;MIR21;SMAD7;FOXP3;ZBTB7B;IL23A;RC3H2;PRKCZ;RARA;BCL6;CCL19;NFKBIZ;SHB;TNFSF4;ZC3H12A;LOXL3;NFKBID;RIPK2;TNFSF18;CD80;CD86;SOCS5,42,,,,
GOBP,GO:0045066,T cell,GOBP_REGULATORY_T_CELL_DIFFERENTIATION,,LILRB2;BTN2A2;KAT5;LILRB4;DUSP10;CR1;CTLA4;FANCA;FANCD2;FOXO3;FUT7;IL4I1;PLA2G2D;KAT2A;DROSHA;HLA-DRA;HLA-DRB1;HLA-G;IFNG;IL2;IL2RG;IRF1;LAG3;LGALS9;MIR21;MIR30B;CD46;MDK;FOXP3;AMBRA1;PSG9;BCL6;VSIR;KLHL25;SOX12;TNFSF4;SOCS1;CD28;TOX,39,,,,
GOBP,GO:0042110,T cell,GOBP_T_CELL_ACTIVATION,,ADA;CD24;MICA;KLRC4-KLRK1;TSPAN32;ADAM8;RASGRP1;EBI3;CDK6;LILRB2;TCIRG1;SIRPB1;BTN2A2;GPNMB;CEBPB;KAT5;BATF;TNFSF13B;TRAF3IP2;CCR9;HSPH1;LILRB1;FGL2;MALT1;KDELR1;SPINK5;LILRB4;RIPK3;BTN3A1;CD160;KAT7;GLMN;HHLA2;CORO1A;DUSP10;TREX1;CD300A;VSIG4;NLRP3;SLAMF6;CGAS;TNFRSF13C;CLC;JAML;CLPTM1;PSMB11;CCR6;CCR7;TMIGD2;MAP3K8;ADORA2A;CR1;ATF2;SIRPA;CSK;PIK3R6;RC3H1;IL23R;CTLA4;CTNNB1;CTPS1;CTSG;CTSL;CXADR;NKX2-3;CLECL1P;CD55;ZFPM1;DDOST;DHPS;DLG1;AGER;DOCK2;DPP4;DTX1;DUSP3;GPR183;EFNB1;EFNB2;EFNB3;EGR1;EGR3;ARID2;NLRC3;AIF1;ELF4;TIGIT;EPO;ERBB2;AKT1;F2RL1;FANCA;FANCD2;FCER1G;FCGR2B;FGL1;FKBP1A;IKZF3;FKBP1B;ZBTB1;KLRK1;FOXJ1;FOXO3;FCHO1;FLOT2;JMJD6;TMEM131L;KIF13B;ICOSLG;NCSTN;SCRIB;PATZ1;CADM1;IL27;MTOR;ABL1;FUT7;FYN;ZNF683;IL4I1;TMEM98;LRRC32;PTPN22;GATA3;CLEC4E;PLA2G2D;GBA1;KAT2A;ABL2;LAT;FOXP1;PRELID1;IL36B;SIT1;TNFRSF21;GLI2;GLI3;IFNL1;CCDC88B;GPR18;LGALS9B;TRDC;RABL3;TRBC2;TRBC1;TRAC;DROSHA;PYCARD;BRD7;CD274;GSN;NCAPH2;ICOS;TBX21;ANXA1;NCKAP1L;HFE;PLA2G2E;CD209;STOML2;HLA-A;HLA-DMA;HLA-DMB;HLA-DOA;HLA-DOB;HLA-DPA1;HLA-DPB1;HLA-DQA1;HLA-DQA2;HLA-DQB1;HLA-DQB2;HLA-DRA;HLA-DRB1;HLA-DRB3;HLA-DRB4;HLA-DRB5;HLA-E;HLA-G;MR1;HLX;HMGB1;AIRE;HES1;HSPD1;ICAM1;CLEC4D;IFNE;CLEC4G;IFNA1;IFNA2;IFNA4;IFNA5;IFNA6;IFNA7;IFNA8;IFNA10;IFNA13;IFNA14;IFNA16;IFNA17;IFNA21;IFNB1;IFNG;IFNW1;IGF1;IGF2;IGFBP2;IHH;IL1A;IL1B;IL2;IL2RA;IL2RG;IL4;IL4R;IL6;IL6R;IL6ST;IL7;IL7R;IL10;IL12A;IL12B;IL12RB1;IL15;TNFRSF9;IL18;IDO1;INS;IRF1;IRF4;ITGAL;ITK;ITPKB;JAG2;JAK2;JAK3;JUNB;KIT;KLRC1;ARG1;ARG2;RHOA;THEMIS;ILDR2;LAG3;LCK;LCP1;LEP;LEPR;LFNG;LGALS1;LGALS3;LGALS9;LIG4;RHOH;LMO1;LY9;LYN;MIR181C;MIR21;MIR27A;MIR30B;SMAD3;SMAD7;CD46;MDK;MEN1;MFAP3;KITLG;MICB;KMT2A;EIF2AK4;NRARP;TARM1;MSN;MYB;MYH9;NCK1;NKG7;PNP;P2RX7;PAWR;CLEC4A;FOXP3;ZBTB7B;PCK1;LEF1;ACTL6B;GPR89B;IL23A;CYRIB;PIK3CA;PIK3CD;PIK3CG;PIK3R1;PIK3R2;PKNOX1;PLA2G2A;PLA2G5;ATP7A;IL20RB;WNT4;SASH3;APBB1IP;RC3H2;DLL4;LAX1;PBRM1;PHF10;PPP3CA;PPP3CB;SIRPG;AMBRA1;CHD7;LMBR1L;PRKAR1A;PAG1;PRKCQ;PRKCZ;PRKDC;PRNP;CRTAM;METTL3;CYP26B1;PSEN1;B2M;PSG9;IFNK;DUSP22;PSMB10;TWSG1;ENTPD7;PELI1;ZMIZ1;BAD;PTGER4;ARID1B;PREX1;SH3RF1;GPAM;WDFY4;PTPN2;PTPN6;PTPN11;SLAMF7;ZP4;SLC46A2;PTPRC;BAX;SELENOK;RAB27A;RAC2;RAG1;RAG2;IL21;RARA;BCL2;RELB;ACTB;BCL3;BCL6;CDH26;RORA;RORC;RPL22;RPS3;RPS6;CEACAM1;CCL2;CCL5;CCL19;CCL21;BID;XCL1;SDC4;PRDM1;VSIR;NOD2;SEMA4A;NFKBIZ;AZI2;SFTPD;KLHL25;CLEC7A;PLA2G2F;SHB;SHH;BMI1;MARCHF7;BCL11B;RASAL3;SLAMF1;BMP4;SLC4A2;GPR89A;SLC7A1;LGALS9C;SLC11A1;SMARCA2;SMARCA4;SMARCB1;SMARCC1;SMARCC2;SMARCD1;SMARCD2;SMARCD3;SMARCE1;SOD1;SOS1;SOS2;SOX4;SOX12;SP3;SPI1;SPN;SPTA1;SRC;SRF;BRAF;ZFP36L1;STAT3;STAT5B;STAT6;ZFP36L2;STK11;SYK;ADAM17;TCF7;ZEB1;TRGC1;TRGC2;PRDX2;TFRC;TGFBR2;THY1;TNFRSF1B;TP53;TRAF6;TSC1;TNFSF4;CCR2;TNFRSF4;TYK2;SCGB1A1;VAV1;VCAM1;WAS;WNT1;WNT10B;XBP1;YES1;ZAP70;ZBTB16;ZP3;LAPTM5;FZD5;NKAP;TNFAIP8L2;VTCN1;ARMC5;NHEJ1;TREML2;ZC3H12A;PDCD1LG2;CD276;PRR7;NDFIP1;CAMK4;DOCK8;ARID1A;EOMES;FZD7;FZD8;CASP3;ITCH;MAD1L1;CASP8;SLA2;NCK2;CARD11;ZC3H8;FOXN1;LOXL3;NFKBID;HAVCR2;HSH2D;PIK3R3;AP3B1;CAV1;ACTL6A;RUNX2;TNFSF11;RUNX1;RUNX3;CBFB;SOCS1;PDE5A;CBLB;TNFSF14;TNFSF9;TNFRSF14;RIPK2;FADD;IL1RL2;IL18R1;CD84;VNN1;BCL10;RAB29;AP3D1;CCND3;SLAMF9;TNFSF18;CEACAM21;SH2D2A;SART1;DNAJA3;CD1C;CD1D;CD2;CD3D;RSAD2;CD3E;CD3G;CD247;CD4;CD5;CD6;DLG5;CD7;CD8A;CD8B;SOCS6;CD83;CD27;CD28;CD80;CD86;TNFSF8;ATG5;MAPK8IP1;SOX13;CD40LG;CD44;CD47;SOCS5;CD70;CD74;CD81;RIPOR2;TOX;CD151;TESPA1;MAFB,555,,,,
GOBP,GO:0002286,T cell,GOBP_T_CELL_ACTIVATION_INVOLVED_IN_IMMUNE_RESPONSE,,BATF;LILRB1;FGL2;MALT1;NLRP3;SLAMF6;RC3H1;IL23R;ZFPM1;GPR183;F2RL1;FCER1G;FCGR2B;IL27;MTOR;TMEM98;GATA3;CLEC4E;FOXP1;IFNL1;TBX21;ANXA1;NCKAP1L;HLA-DMB;HLA-DRA;HLA-DRB1;HLX;HMGB1;ICAM1;CLEC4D;IFNE;IFNA1;IFNA2;IFNA4;IFNA5;IFNA6;IFNA7;IFNA8;IFNA10;IFNA13;IFNA14;IFNA16;IFNA17;IFNA21;IFNB1;IFNG;IFNW1;IL2;IL4;IL4R;IL6;IL6R;IL12B;IL12RB1;IL18;IRF4;ITGAL;JAK3;JUNB;LCP1;LGALS3;LGALS9;LY9;MIR21;SMAD7;CD46;MDK;MEN1;KMT2A;EIF2AK4;MYB;FOXP3;ZBTB7B;PCK1;LEF1;IL23A;ATP7A;APBB1IP;RC3H2;PRKCZ;PSEN1;IFNK;ENTPD7;PTGER4;RAB27A;IL21;RARA;RELB;BCL3;BCL6;RORA;RORC;RPS6;CEACAM1;CCL19;SEMA4A;NFKBIZ;SHB;SLC11A1;SPN;STAT3;STAT6;TP53;TSC1;TNFSF4;ZC3H12A;EOMES;LOXL3;NFKBID;HAVCR2;RIPK2;IL18R1;TNFSF18;CD1C;CD80;CD86;SOCS5;CD74;CD81,119,,,,
GOBP,GO:0002291,T cell,GOBP_T_CELL_ACTIVATION_VIA_T_CELL_RECEPTOR_CONTACT_WITH_ANTIGEN_BOUND_TO_MHC_MOLECULE_ON_ANTIGEN_PRESENTING_CELL,,LILRB1;FGL2;HLA-DMB;ICAM1;ITGAL;LGALS3;LGALS9;APBB1IP;HAVCR2;CD81,10,,,,
GOBP,GO:0002457,T cell,GOBP_T_CELL_ANTIGEN_PROCESSING_AND_PRESENTATION,,TREX1;RFTN1;WAS;UNC93B1;KDM5D,5,,,,
GOBP,GO:0070231,T cell,GOBP_T_CELL_APOPTOTIC_PROCESS,,ADA;BCL2L11;ADAM8;KDELR1;RIPK3;CHEK2;CLC;LGALS16;GIMAP8;DFFA;PTCRA;TSC22D3;EFNA1;AKT1;KIFAP3;PRKD2;PRELID1;GLI3;CD274;HIF1A;FAS;IL2RA;FASLG;IL7R;IDO1;JAK3;ARG2;LGALS3;LGALS9;P2RX7;PDCD1;PIP;LMBR1L;PRKCQ;EBF4;GPAM;BAK1;SLC46A2;BAX;RAG1;BCL2;BCL3;RPS6;CCL5;ST3GAL1;BCL11B;BMP4;TP53;WNT5A;DOCK8;ZC3H8;RIPK1;FADD;BCL10;DNAJA3;CD27,56,,,,
GOBP,GO:0010818,T cell,GOBP_T_CELL_CHEMOTAXIS,,ADAM10;CCL26;CXCL13;DEFA1;GPR183;STK39;TMEM102;CXCL10;PIK3CD;PIK3CG;PLEC;CXCL16;S100A7;CCL3;CCL5;CCL21;CXCL11;XCL1;WNK1;SLC12A2;XCL2;ADAM17;DEFA1B;CCR2;WNT5A;TNFSF14;OXSR1,27,,,,
GOBP,GO:0002369,T cell,GOBP_T_CELL_CYTOKINE_PRODUCTION,,ARID5A;MALT1;LILRB4;NLRP3;CLC;CD55;DENND1B;GATA3;TBX21;HFE;HLA-A;HLA-F;IFNA2;IFNB1;IL1B;IL1R1;IL4;IL6;IL18;ARG1;SMAD7;FOXP3;SASH3;TRPM4;PRKCZ;B2M;XCL1;SLAMF1;MAP3K7;TNFRSF1B;TRAF2;TRAF6;TNFSF4;CCR2;FZD5;IL18R1;RSAD2;CD81,38,,,,
GOBP,GO:0030217,T cell,GOBP_T_CELL_DIFFERENTIATION,,ADA;ADAM8;RASGRP1;CDK6;LILRB2;TCIRG1;BTN2A2;KAT5;BATF;TRAF3IP2;CCR9;FGL2;MALT1;KDELR1;SPINK5;LILRB4;RIPK3;KAT7;DUSP10;NLRP3;SLAMF6;CLPTM1;PSMB11;CCR6;CCR7;CR1;ATF2;PIK3R6;RC3H1;IL23R;CTLA4;CTNNB1;CTSL;NKX2-3;ZFPM1;DOCK2;DTX1;GPR183;EGR1;EGR3;ARID2;ERBB2;FANCA;FANCD2;FCER1G;IKZF3;ZBTB1;FOXJ1;FOXO3;JMJD6;TMEM131L;PATZ1;IL27;MTOR;ABL1;FUT7;ZNF683;IL4I1;TMEM98;PTPN22;GATA3;CLEC4E;PLA2G2D;GBA1;KAT2A;FOXP1;PRELID1;IL36B;GLI2;GLI3;IFNL1;GPR18;RABL3;DROSHA;BRD7;NCAPH2;TBX21;ANXA1;NCKAP1L;HLA-DOA;HLA-DRA;HLA-DRB1;HLA-G;MR1;HLX;HMGB1;AIRE;CLEC4D;CLEC4G;IFNA2;IFNB1;IFNG;IHH;IL1A;IL1B;IL2;IL2RA;IL2RG;IL4;IL4R;IL6;IL6R;IL7;IL7R;IL12B;IL12RB1;IL15;TNFRSF9;IL18;IRF1;IRF4;ITK;ITPKB;JAG2;JAK3;JUNB;KIT;KLRC1;RHOA;THEMIS;LAG3;LCK;LEP;LEPR;LFNG;LGALS9;LIG4;RHOH;LY9;MIR21;MIR30B;SMAD7;CD46;MDK;MEN1;KMT2A;NRARP;MYB;PNP;FOXP3;ZBTB7B;PCK1;LEF1;ACTL6B;GPR89B;IL23A;PIK3CD;PIK3R1;PIK3R2;PKNOX1;ATP7A;WNT4;SASH3;RC3H2;DLL4;PBRM1;PHF10;PPP3CB;AMBRA1;CHD7;LMBR1L;PRKCZ;PRKDC;CRTAM;METTL3;CYP26B1;B2M;PSG9;ENTPD7;ZMIZ1;BAD;PTGER4;ARID1B;PREX1;SH3RF1;PTPN2;SLC46A2;PTPRC;RAG1;RAG2;IL21;RARA;BCL2;RELB;ACTB;BCL3;BCL6;RORA;RORC;RPL22;RPS6;CCL19;PRDM1;VSIR;SEMA4A;NFKBIZ;KLHL25;SHB;SHH;BMI1;BCL11B;BMP4;SLC4A2;GPR89A;SMARCA2;SMARCA4;SMARCB1;SMARCC1;SMARCC2;SMARCD1;SMARCD2;SMARCD3;SMARCE1;SOD1;SOS1;SOS2;SOX4;SOX12;SP3;SPI1;SPN;SRF;BRAF;ZFP36L1;STAT3;STAT5B;STAT6;ZFP36L2;STK11;SYK;ADAM17;TCF7;ZEB1;PRDX2;TGFBR2;TP53;TSC1;TNFSF4;CCR2;VAV1;WNT1;WNT10B;XBP1;ZAP70;ZBTB16;FZD5;NKAP;ARMC5;NHEJ1;ZC3H12A;PRR7;CAMK4;ARID1A;EOMES;FZD7;FZD8;CARD11;ZC3H8;FOXN1;LOXL3;NFKBID;PIK3R3;AP3B1;ACTL6A;RUNX2;RUNX1;RUNX3;CBFB;SOCS1;TNFSF9;RIPK2;FADD;IL1RL2;IL18R1;VNN1;AP3D1;TNFSF18;SART1;DNAJA3;CD1D;CD2;CD3D;RSAD2;CD3E;CD3G;CD4;CD8A;CD83;CD27;CD28;CD80;CD86;TNFSF8;ATG5;SOX13;SOCS5;CD74;TOX;TESPA1;MAFB,300,,,,
GOBP,GO:0033077,T cell,GOBP_T_CELL_DIFFERENTIATION_IN_THYMUS,,ADA;ADAM8;RASGRP1;CDK6;RIPK3;CLPTM1;PSMB11;CCR6;CCR7;CTNNB1;DOCK2;EGR3;ERBB2;ZBTB1;FOXJ1;JMJD6;TMEM131L;ABL1;GATA3;GBA1;GLI2;GLI3;RABL3;NCAPH2;MR1;AIRE;CLEC4G;IHH;IL1A;IL1B;IL2RG;IL7R;TNFRSF9;ITPKB;JAG2;LIG4;FOXP3;WNT4;PRKDC;B2M;PTPN2;PTPRC;RAG1;RAG2;BCL2;RPS6;SHH;BMI1;BCL11B;BMP4;SOD1;SOS1;SOS2;SRF;BRAF;ZFP36L1;STAT5B;ZFP36L2;STK11;ADAM17;ZEB1;TP53;WNT1;ZAP70;FZD5;NKAP;PRR7;CAMK4;FZD7;FZD8;CARD11;ZC3H8;FOXN1;RIPK2;FADD;VNN1;DNAJA3;CD3D;CD3E;CD3G;CD28;ATG5;CD74;TOX;TESPA1;MAFB,86,,,,
GOBP,GO:0002292,T cell,GOBP_T_CELL_DIFFERENTIATION_INVOLVED_IN_IMMUNE_RESPONSE,,BATF;FGL2;MALT1;NLRP3;SLAMF6;RC3H1;IL23R;ZFPM1;GPR183;FCER1G;IL27;MTOR;TMEM98;GATA3;CLEC4E;FOXP1;IFNL1;TBX21;ANXA1;HLA-DRA;HLA-DRB1;HLX;HMGB1;CLEC4D;IFNG;IL2;IL4;IL4R;IL6;IL6R;IL12B;IL12RB1;IL18;IRF4;JAK3;JUNB;LGALS9;LY9;MIR21;SMAD7;CD46;MEN1;KMT2A;MYB;FOXP3;ZBTB7B;PCK1;LEF1;IL23A;ATP7A;RC3H2;PRKCZ;ENTPD7;PTGER4;IL21;RARA;RELB;BCL3;BCL6;RORA;RORC;CCL19;SEMA4A;NFKBIZ;SHB;SPN;STAT3;STAT6;TSC1;TNFSF4;ZC3H12A;EOMES;LOXL3;NFKBID;RIPK2;IL18R1;TNFSF18;CD80;CD86;SOCS5,80,,,,
GOBP,GO:0072683,T cell,GOBP_T_CELL_EXTRAVASATION,,RIPK3;CRK;CRKL;ITGAL;CD99;F11R;CCL2;CCR2;XG;CD99L2;FADD;IL27RA,12,,,,
GOBP,GO:0043029,T cell,GOBP_T_CELL_HOMEOSTASIS,,BCL2L11;TCIRG1;RIPK3;CORO1A;SPNS2;RC3H1;TSC22D3;AKT1;SIT1;SLC39A3;NCKAP1L;FAS;IL2;IL2RA;IL7R;JAK3;GPR15LG;LGALS2;LGALS9;LMO1;P2RX7;FOXP3;PMAIP1;IL20RB;RC3H2;PPP2R3C;PPP3CB;GPAM;SLC46A2;BAX;RAG1;BCL2;RPS6;STAT5B;PRDX2;CASP3;ZC3H8;FOXN1;GPR174;TNFSF14;FADD;DNAJA3;CCNB2;CHST3,44,,,,
GOBP,GO:0002360,T cell,GOBP_T_CELL_LINEAGE_COMMITMENT,,BATF;SLAMF6;IL23R;CTSL;ZFPM1;MTOR;TBX21;IL6;IL6R;IL7;IL12B;IL12RB1;IRF4;RHOA;LY9;FOXP3;IL23A;PRKDC;RAG2;BCL2;SHH;SPN;BRAF;STAT3;STAT6;TP53;FOXN1;LOXL3;TNFSF18;TOX,30,,,,
GOBP,GO:0001913,T cell,GOBP_T_CELL_MEDIATED_CYTOTOXICITY,,MICA;CTSC;LILRB1;RIPK3;RAET1E;IL23R;CTSH;RAET1L;AGER;EMP2;FCGR2B;CADM1;GZMM;NCKAP1L;HFE;HLA-A;HLA-B;HLA-C;HLA-DRA;HLA-DRB1;HLA-E;HLA-F;HLA-G;HLA-H;MR1;HPRT1;RAET1G;IL7R;IL12A;IL12B;IL12RB1;KLRC1;KLRD1;MICB;P2RX7;IL23A;CYRIB;PPP3CB;PRF1;CRTAM;B2M;PTPRC;PVR;NECTIN2;RAB27A;CEACAM1;XCL1;TAP2;ULBP3;ULBP2;ULBP1;STX7;FADD;CD1A;CD1B;CD1C;CD1D;CD1E;SLC22A13,59,,,,
GOBP,GO:0002424,T cell,GOBP_T_CELL_MEDIATED_IMMUNE_RESPONSE_TO_TUMOR_CELL,,AHR;IL4I1;HLA-A;HLA-DRB1;HLA-DRB3;MR1;HMGB1;HSPD1;FBXO38;SLC22A13,10,,,,
GOBP,GO:0002456,T cell,GOBP_T_CELL_MEDIATED_IMMUNITY,,MICA;BTN3A3;CTSC;LILRB1;ARID5A;MALT1;LILRB4;RIPK3;BTN3A2;TREX1;NLRP3;CLC;RAET1E;CR1;CR1L;CR2;IL23R;CTSH;RAET1L;CD55;DENND1B;AGER;JAG1;AHR;EMP2;FCGR2B;ZBTB1;RFTN1;CADM1;FUT7;IL4I1;GATA3;GNL1;TBX21;GZMM;NCKAP1L;HFE;HLA-A;HLA-B;HLA-C;HLA-DRA;HLA-DRB1;HLA-DRB3;HLA-E;HLA-F;HLA-G;HLA-H;MR1;HMGB1;HPRT1;AIRE;HSPD1;CLEC4G;IFNA2;IFNB1;RAET1G;IL1B;IL1R1;IL4;IL6;IL7R;IL12A;IL12B;IL12RB1;IL18;KLRC1;KLRD1;ARG1;SMAD7;CD46;MICB;P2RX7;FOXP3;IL23A;CYRIB;IL20RB;SASH3;TRPM4;PPP3CB;PRF1;PRKCZ;CRTAM;B2M;DUSP22;PTPRC;PVR;NECTIN2;RAB27A;SCART1;CEACAM1;XCL1;MYO1G;NOD2;NFKBIZ;SLAMF1;MAP3K7;TAP2;TNFRSF1B;TRAF2;TRAF6;C4BPA;TNFSF4;CCR2;WAS;ZP3;FZD5;ULBP3;ULBP2;ULBP1;FBXO38;UNC93B1;KDM5D;STX7;FADD;IL18R1;CD1A;CD1B;CD1C;CD1D;CD1E;RSAD2;CD8A;SLC22A13;CD70;CD81,125,,,,
GOBP,GO:0072678,T cell,GOBP_T_CELL_MIGRATION,,ADAM8;ADAM10;CCL26;CXCL13;RIPK3;CORO1A;CCR6;SPNS2;CD200R1;CRK;CRKL;DEFA1;GPR183;ECM1;S1PR1;AIF1;LRCH1;ABL1;FUT7;ABL2;STK39;GPR15;TMEM102;PYCARD;AIRE;APOD;APP;CXCL10;ITGA4;ITGAL;ITGB3;ITGB7;RHOA;GPR15LG;CD99;CD200;MSN;F11R;PIK3CD;PIK3CG;PLEC;CXCL16;SELENOK;S100A7;CCL2;CCL3;CCL5;CCL20;CCL21;CXCL11;XCL1;CXCL12;MYO1G;WNK1;SLC12A2;SPN;XCL2;ADAM17;DEFA1B;CCR2;WNT5A;XG;ZAP70;DOCK8;CD99L2;TNFSF14;TNFRSF14;FADD;IL27RA;RIPOR2;OXSR1,71,,,,
GOBP,GO:0042098,T cell,GOBP_T_CELL_PROLIFERATION,,CD24;TSPAN32;RASGRP1;EBI3;LILRB2;BTN2A2;GPNMB;CEBPB;TNFSF13B;LILRB1;MALT1;LILRB4;RIPK3;BTN3A1;GLMN;HHLA2;CORO1A;VSIG4;TNFRSF13C;CLC;TMIGD2;CR1;RC3H1;IL23R;CTLA4;CTNNB1;CTPS1;CLECL1P;CD55;DHPS;DLG1;AGER;DOCK2;EFNB1;AIF1;ELF4;EPO;ERBB2;FKBP1B;FOXJ1;TMEM131L;ICOSLG;NCSTN;SCRIB;CADM1;IL27;ABL1;FYN;IL4I1;LRRC32;PTPN22;PLA2G2D;TNFRSF21;CCDC88B;LGALS9B;PYCARD;CD274;ANXA1;NCKAP1L;PLA2G2E;CD209;HLA-A;HLA-DMB;HLA-DPA1;HLA-DPB1;HLA-DRB1;HLA-E;HLA-G;HMGB1;HES1;CLEC4G;IGF1;IGF2;IGFBP2;IHH;IL1A;IL1B;IL2;IL2RA;IL4;IL6;IL6ST;IL10;IL12B;IL12RB1;IL15;TNFRSF9;IL18;IDO1;IRF1;JAK2;JAK3;ARG1;ARG2;LEP;LGALS3;LGALS9;LMO1;MIR181C;MIR21;MIR30B;CD46;KITLG;MSN;NCK1;PNP;P2RX7;PAWR;FOXP3;ZBTB7B;IL23A;PIK3CG;PLA2G2A;PLA2G5;IL20RB;WNT4;SASH3;RC3H2;PPP3CA;PPP3CB;LMBR1L;PRKAR1A;PRKCQ;PRNP;CRTAM;PSMB10;TWSG1;PELI1;SH3RF1;GPAM;PTPN6;ZP4;PTPRC;BAX;SELENOK;RAC2;IL21;BCL6;RPS3;RPS6;CCL5;CCL19;BID;XCL1;SDC4;VSIR;SFTPD;PLA2G2F;SHH;BMI1;MARCHF7;RASAL3;SLAMF1;BMP4;SLC4A2;SLC7A1;LGALS9C;SLC11A1;SOS1;SOS2;SPN;SPTA1;STAT5B;SYK;PRDX2;TFRC;TGFBR2;TNFRSF1B;TP53;TRAF6;TNFSF4;CCR2;TNFRSF4;TYK2;SCGB1A1;VCAM1;ZAP70;ZP3;VTCN1;ARMC5;PDCD1LG2;CD276;NDFIP1;DOCK8;CASP3;ITCH;MAD1L1;NCK2;CARD11;HAVCR2;PDE5A;CBLB;TNFSF14;TNFSF9;TNFRSF14;RIPK2;FADD;CCND3;TNFSF18;SH2D2A;DNAJA3;CD1D;CD3E;CD6;DLG5;CD28;CD80;CD86;TNFSF8;MAPK8IP1;CD40LG;CD70;CD81;CD151,214,,,,
GOBP,GO:0002309,T cell,GOBP_T_CELL_PROLIFERATION_INVOLVED_IN_IMMUNE_RESPONSE,,LILRB1;RPS6;SLC11A1;TP53;TNFSF18,5,,,,
GOBP,GO:0050852,T cell,GOBP_T_CELL_RECEPTOR_SIGNALING_PATHWAY,,ADA;BTNL10P;BTN3A3;BTN2A2;RBCK1;KHDRBS1;CD226;MALT1;BTNL3;LILRB4;BTN3A2;BTN3A1;BTN2A1;CD160;HHLA2;CD300A;ERMAP;SPPL3;CCR7;CRKL;CSK;RC3H1;CTLA4;BTNL9;DENND1B;DUSP3;EIF2B1;ELF1;FYB2;FCHO1;RFTN1;ICOSLG;ABL1;FYB1;FYN;PRKD2;PTPN22;GATA3;GBP1;TNFRSF21;TRDC;TRBC2;TRBC1;TRAC;PHPT1;STOML2;HLA-A;HLA-DPB1;HLA-DQB1;HLA-DRB1;HLA-DRB3;HRAS;IKBKB;INPP5D;ITK;KCNN4;THEMIS;LCK;LCP2;LGALS3;SH2D1A;MOG;PAWR;TRAT1;FOXP3;PDE4B;PDE4D;PIK3CA;PIK3CD;UBASH3A;PLCG1;PLCG2;RC3H2;BTN2A3P;LIME1;RNF31;MAPK1;PRNP;BTNL2;PSEN1;DUSP22;PTPN2;PTPN6;PTPRC;PTPRJ;NECTIN2;RELA;RPS3;CEACAM1;NFKBIZ;SHB;WNK1;BRAF;STK11;MAP3K7;BTK;BTN1A1;TRGC1;TRGC2;TEC;THY1;TRAF6;TXK;UBE2N;EZR;ZAP70;LAPTM5;CACNB3;CACNB4;PVRIG;VTCN1;BTNL8;ZC3H12A;CD276;PRAM1;SLA2;CARD11;NFKBID;IKBKG;DGKZ;SKAP1;CBLB;RIPK2;EIF2B4;EIF2B3;EIF2B2;EIF2B5;BCL10;RAB29;CD3D;CD3E;CD3G;CD247;CD8A;CD8B;CD28;THEMIS2;BCAR1;CD81;TESPA1,140,,,,
GOBP,GO:0045058,T cell,GOBP_T_CELL_SELECTION,,BATF;SLAMF6;CCR7;IL23R;CTSL;ZFPM1;DOCK2;MTOR;GATA3;GLI3;TBX21;AIRE;IL6;IL6R;IL12B;IL12RB1;IL15;IRF4;ITPKB;JAG2;RHOA;THEMIS;LY9;FOXP3;IL23A;PTPN2;PTPRC;BCL2;SHH;BCL11B;SPN;SRF;BRAF;STAT3;STAT6;STK11;SYK;ZAP70;CARD11;FOXN1;LOXL3;TNFSF18;CD1D;CD3D;CD3E;CD3G;CD4;CD28;ATG5;CD74;TOX,51,,,,
GOBP,GO:0002517,T cell,GOBP_T_CELL_TOLERANCE_INDUCTION,,LILRB2;LILRB4;CLC;PHLPP1;ICOS;HLA-B;HLA-G;AIRE;IL2RA;IDO1;FOXP3;TGFBR2;ITCH;CBLB;CD3E,15,,,,
GOBP,GO:0061470,T cell,GOBP_T_FOLLICULAR_HELPER_CELL_DIFFERENTIATION,,RC3H1;GPR183;FOXP1;IL6;RC3H2;IL21,6,,,,
GOBP,GO:0072539,T cell,GOBP_T_HELPER_17_CELL_DIFFERENTIATION,,BATF;MALT1;SLAMF6;RC3H1;IL23R;TBX21;IL2;IL4;IL6;IL6R;IL12B;IL12RB1;IRF4;JUNB;LY9;MIR21;SMAD7;FOXP3;ZBTB7B;IL23A;RC3H2;ENTPD7;RORA;RORC;NFKBIZ;STAT3;ZC3H12A;LOXL3;NFKBID;TNFSF18,30,,,,
GOBP,GO:0072540,T cell,GOBP_T_HELPER_17_CELL_LINEAGE_COMMITMENT,,BATF;SLAMF6;IL23R;TBX21;IL6;IL6R;IL12B;IL12RB1;IRF4;LY9;IL23A;STAT3;LOXL3;TNFSF18,14,,,,
GOBP,GO:0072538,T cell,GOBP_T_HELPER_17_TYPE_IMMUNE_RESPONSE,,BATF;TRAF3IP2;ARID5A;MALT1;SLAMF6;RC3H1;IL23R;EPHB2;IL17RA;TBX21;NLRP10;IL2;IL4;IL6;IL6R;IL12B;IL12RB1;IRF4;JAK2;JUNB;LY9;MIR21;SMAD7;NOTCH1;FOXP3;ZBTB7B;IL23A;PHB1;RC3H2;PRKCQ;ENTPD7;RORA;RORC;CARD9;NFKBIZ;CLEC7A;STAT3;TYK2;ZC3H12A;LOXL3;NFKBID;TNFSF18;CLEC6A;IL27RA,44,,,,
GOBP,GO:0035744,T cell,GOBP_T_HELPER_1_CELL_CYTOKINE_PRODUCTION,,ARID5A;TBX21;IL1B;IL1R1;IL18;XCL1;SLAMF1;IL18R1,8,,,,
GOBP,GO:0045063,T cell,GOBP_T_HELPER_1_CELL_DIFFERENTIATION,,IL27;MTOR;TMEM98;TBX21;ANXA1;HLX;HMGB1;IL4R;JAK3;LEF1;RELB;CCL19;SEMA4A;NFKBIZ;SPN;STAT6;TNFSF4;RIPK2;IL18R1;CD80;SOCS5,21,,,,
GOBP,GO:0042088,T cell,GOBP_T_HELPER_1_TYPE_IMMUNE_RESPONSE,,IL18BP;EBI3;ARID5A;IL23R;IL27;MTOR;TMEM98;TBX21;ANXA1;HLA-DRB1;HLX;HMGB1;HRAS;NLRP10;IL1B;IL1R1;IL4R;IL12B;IL12RB1;IL18;JAK3;LEF1;IL23A;PLA2G4A;RELB;BCL3;CCL19;XCL1;SEMA4A;NFKBIZ;SLAMF1;SLC11A1;SPN;STAT6;TLR4;TRAF6;TNFSF4;CCR2;HAVCR2;RIPK2;IL18R1;IL33;IL1RL1;CD80;IL27RA;SOCS5,46,,,,
GOBP,GO:0035745,T cell,GOBP_T_HELPER_2_CELL_CYTOKINE_PRODUCTION,,NLRP3;DENND1B;GATA3;TBX21;IFNA2;IFNB1;IL4;IL6;ARG1;PRKCZ;XCL1;RSAD2;CD81,13,,,,
GOBP,GO:0045064,T cell,GOBP_T_HELPER_2_CELL_DIFFERENTIATION,,BATF;NLRP3;GATA3;ANXA1;HLX;IL4;IL4R;IL18;MEN1;KMT2A;MYB;PRKCZ;RARA;BCL3;BCL6;TNFSF4;CD86;SOCS5,18,,,,
GOBP,GO:0002295,T cell,GOBP_T_HELPER_CELL_LINEAGE_COMMITMENT,,BATF;SLAMF6;IL23R;ZFPM1;MTOR;TBX21;IL6;IL6R;IL12B;IL12RB1;IRF4;LY9;IL23A;SPN;STAT3;STAT6;LOXL3;TNFSF18,18,,,,
KEGG,hsa04612,T cell,KEGG_ANTIGEN_PROCESSING_AND_PRESENTATION,,PSME3;IFI30;KIR3DL3;CREB1;CTSB;CTSL;CTSS;PDIA3;HLA-A;HLA-B;HLA-C;HLA-DMA;HLA-DMB;HLA-DOA;HLA-DOB;HLA-DPA1;HLA-DPB1;HLA-DQA1;HLA-DQA2;HLA-DQB1;HLA-DRA;HLA-DRB1;HLA-DRB3;HLA-DRB4;HLA-DRB5;HLA-E;HLA-F;HLA-G;HSPA1A;HSPA1B;HSPA1L;HSPA2;HSPA4;HSPA5;HSPA6;HSPA8;HSP90AA1;HSP90AB1;IFNA1;IFNA2;IFNA4;IFNA5;IFNA6;IFNA7;IFNA8;IFNA10;IFNA13;IFNA14;IFNA16;IFNA17;IFNA21;KIR2DL1;KIR2DL2;KIR2DL3;KIR2DL4;KIR2DS1;KIR2DS3;KIR2DS4;KIR2DS5;KIR3DL1;KIR3DL2;KLRC1;KLRC2;KLRC3;KLRD1;LTA;CIITA;NFYA;NFYB;NFYC;LGMN;B2M;PSME1;PSME2;KIR2DL5A;RFX5;RFXAP;TAP1;TAP2;TAPBP;CALR;CANX;KLRC4;RFXANK;CD4;CD8A;CD8B;CD74,89,,,,
REACTOME,R-HSA-6783783,T cell,REACTOME_INTERLEUKIN_10_SIGNALING,,TNFRSF1B;TNFRSF1A;PTGS2;CXCL2;ICAM1;TIMP1;CCL22;FCER2;TYK2;CSF3;CCL2;IL10RA;IL12B;CD86;IL1A;CCL20;IL1R2;IL1R1;CD80;CCR2;IL1B;LIF;IL6;IL10;IL1RN;IL18;CCR5;JAK1;CXCL1;CCR1;CSF2;STAT3;IL12A;CXCL10;PTAFR;CXCL8;FPR1;CCL19;CSF1;TNF;TNF;TNF;TNF;TNF;TNF;TNF;IL10RB;CCL5;CCL3;CCL5;CCL4;CCL4;CCL3L1;CCL3L3;CCL3;CCL3L3;CCL3L3;CCL4;CCL3,46,,,,
REACTOME,R-HSA-9020591,T cell,REACTOME_INTERLEUKIN_12_SIGNALING,,RALA;CNN2;CDC42;IL12RB2;RPLP0;JAK2;IL12RB1;MTAP;PSME2;TYK2;AIP;IFNG;HSPA9;IL12B;LMNB1;CAPZA1;TCP1;HNRNPA2B1;VAMP7;RAP1B;SNRPA1;CA1;LCP1;IL10;STAT4;SOD1;ARF1;MSN;GSTO1;PDCD4;HNRNPDL;JAK1;IL12A;BOLA2B;HNRNPF;CFL1;PITPNA;TALDO1;PAK2;ANXA2;BOLA2;P4HB;PPIA;SERPINB2;MIF;GSTA2;MIF;PSME2;SOD2,47,,,,
REACTOME,R-HSA-8983432,T cell,REACTOME_INTERLEUKIN_15_SIGNALING,,GAB2;IL2RB;SOS2;JAK3;SOS1;STAT5A;IL15RA;IL2RG;SHC1;JAK1;IL15;STAT3;STAT5B;GRB2,14,,,,
REACTOME,R-HSA-448424,T cell,REACTOME_INTERLEUKIN_17_SIGNALING,,MAP2K3;MAPK9;CUL1;TAB2;IL17RB;MAP2K4;MEF2A;RPS6KA2;FBXW11;MAP2K7;MEF2C;MAPK1;TAB1;RPS6KA5;MAPK3;RIPK2;IKBKB;PPP2CB;VRK3;PPP2R1A;NOD1;MAPK8;MAP3K8;DUSP3;MAP2K6;NFKB1;MAPK10;MAPK14;IL17A;IL17F;PPP2R5D;SKP1;PPP2CA;MAPKAPK3;ATF2;RPS6KA1;CREB1;DUSP4;ATF1;IL17C;ELK1;IRAK2;MAP3K7;PPP2R1B;DUSP6;RPS27A;UBC;TAB3;MAPKAPK2;IL17RE;IL17RC;DUSP7;IL25;BTRC;MAPK7;NOD2;TNIP2;MAP2K1;UBB;FOS;TRAF6;RPS6KA3;JUN;IL17RA;UBE2N;IRAK1;MAPK11;CHUK;UBA52;UBE2V1;IKBKG;RPS6KA1,71,,,,
REACTOME,R-HSA-6785807,T cell,REACTOME_INTERLEUKIN_4_AND_INTERLEUKIN_13_SIGNALING,,AKT1;ALOX15;ALOX5;ANXA1;BATF;BCL2;BCL2L1;BCL6;BIRC5;CCL11;CCL2;CCL22;CCND1;CD36;CDKN1A;CEBPD;COL1A2;CXCL8;F13A1;FASLG;FCER2;FGF2;FN1;FOS;FOXO1;FOXO3;FSCN1;GATA3;HGF;HIF1A;HMOX1;HSP90AA1;HSP90B1;HSPA8;ICAM1;IGHE;IGHG1;IGHG4;IL10;IL12A;IL12B;IL13;IL13RA1;IL13RA2;IL17A;IL17F;IL18;IL1A;IL1B;IL23A;IL23R;IL2RG;IL4;IL4R;IL6;IL6R;IRF4;ITGAM;ITGAX;ITGB1;ITGB2;JAK1;JAK2;JAK3;JUNB;LAMA5;LBP;LCN2;LIF;MAOA;MCL1;MMP1;MMP2;MMP3;MMP9;MUC1;MYC;NANOG;NDN;NOS2;OPRD1;OPRM1;OSM;PIK3R1;PIM1;POMC;POU2F1;PTGS2;RHOU;RORA;RORC;S1PR1;SAA1;SOCS1;SOCS3;SOCS5;SOX2;STAT1;STAT3;STAT6;TGFB1;TIMP1;TNF;TNFRSF1B;TP53;TWIST1;TYK2;VCAM1;VEGFA;VIM;ZEB1,111,,,,
REACTOME,R-HSA-1059683,T cell,REACTOME_INTERLEUKIN_6_SIGNALING,,JAK2;TYK2;CBL;STAT1;IL6ST;IL6;IL6R;JAK1;STAT3;PTPN11;SOCS3,11,,,,
KEGG,hsa04650,T cell,KEGG_NATURAL_KILLER_CELL_MEDIATED_CYTOTOXICITY,,VAV3;NFAT5;HCST;CHP1;SH2D1B;RAET1E;CSF2;RAET1L;PTK2B;FCER1G;FCGR3A;FCGR3B;KLRK1;PIK3R5;FYN;SHC2;NCR3;LAT;GRB2;GZMB;HLA-A;HLA-B;HLA-C;HLA-E;HLA-G;HRAS;ICAM1;ICAM2;IFNA1;IFNA2;IFNA4;IFNA5;IFNA6;IFNA7;IFNA8;IFNA10;IFNA13;IFNA14;IFNA16;IFNA17;IFNA21;IFNAR1;IFNAR2;IFNB1;IFNG;IFNGR1;IFNGR2;RAET1G;FAS;FASLG;ITGAL;ITGB2;ARAF;KIR2DL1;KIR2DL2;KIR2DL3;KIR2DL4;KIR2DS1;KIR2DS3;KIR2DS4;KIR2DS5;KIR3DL1;KIR3DL2;KLRC1;KLRC2;KLRC3;KLRD1;KRAS;LCK;LCP2;SHC4;SH2D1A;MICA;MICB;NFATC1;NFATC2;NFATC3;NFATC4;NRAS;PAK1;CD244;PIK3CA;PIK3CB;PIK3CD;PIK3CG;PIK3R1;PIK3R2;PLCG1;SHC3;PLCG2;PPP3CA;PPP3CB;PPP3CC;PPP3R1;PPP3R2;PRF1;PRKCA;PRKCB;PRKCG;MAPK1;MAPK3;MAP2K1;MAP2K2;KIR2DL5A;PTPN6;PTPN11;RAC1;RAC2;RAC3;RAF1;BID;CHP2;SH3BP2;SHC1;SOS1;SOS2;BRAF;SYK;TNF;TYROBP;VAV1;VAV2;ZAP70;ULBP3;ULBP2;ULBP1;CASP3;PIK3R3;TNFSF10;TNFRSF10D;TNFRSF10C;TNFRSF10B;TNFRSF10A;CD247;NCR2;NCR1;CD48,137,,,,
REACTOME,R-HSA-1266695,T cell,REACTOME_INTERLEUKIN_7_SIGNALING,,HGF;IL7;JAK3;PIK3R2;CISH;PIK3R3;SOCS2;STAT5A;SMARCA4;PIK3R1;TSLP;IL2RG;JAK1;RAG1;STAT3;IL7R;IRS1;STAT5B;RAG2;H3C13;SOCS1;BRWD1;IRS2;H3C12;H3C4;H3C14;H3C15;CRLF2;H3C8;H3C6;H3C11;H3C1;H3C7;H3C10;H3C2;H3C3,36,,,,
REACTOME,R-HSA-8985947,T cell,REACTOME_INTERLEUKIN_9_SIGNALING,,JAK3;STAT1;IL9R;STAT5A;IL9;IL2RG;JAK1;STAT3;STAT5B,9,,,,
C8,M41686,T cell,TRAVAGLINI_LUNG_NATURAL_KILLER_CELL,,ABHD17A;ABI3;ADGRG1;AKNA;AKR1C3;ANKRD20A11P;AOAH;APMAP;APOBEC3G;AREG;ARL4C;ARPC2;B2M;BIN2;BPGM;C12orf75;C1orf21;IRF1-AS1;CALM1;CCDC107;CCL5;CD160;CD244;CD247;CD300A;CD7;CEP78;CHST12;CHST2;CLEC2B;CLIC3;CMC1;CNOT6L;CST7;CTSW;CX3CR1;DDIT4;DHRS3;DHRS7;DTHD1;DUSP2;EBP;EFHD2;ETS1;F2R;FCGR3A;FCRL6;FGFBP2;FKBP11;GFOD1;GIMAP7;GNG2;GNLY;GPR65;GSAP;GYPC;GZMA;GZMB;GZMH;GZMM;HAVCR2;HDDC2;HLA-C;HOPX;HSH2D;ID2;IFITM1;IGFBP7;IL2RB;IL2RG;ISG20;ITGAL;ITGB2;KLRB1;KLRC1;KLRC2;KLRC3;KLRD1;KLRF1;LITAF;MAPK1;MAPRE2;MATK;MYBL1;MYOM2;NCALD;NKG7;NMUR1;OSBPL5;OSTF1;PFN1;PIP4K2A;PLAC8;PPP2R5C;PRDM1;PRF1;PRKCH;PRSS23;PTGDR;PTPN4;PYHIN1;RAC2;RAP1B;PLAAT4;RASSF1;RHOC;RUNX3;S1PR5;SAMD3;SELPLG;SH2D1B;SH2D2A;SIGLEC7;SLA2;SLAMF7;SLC9A3R1;SPN;SPON2;SYNE1;SYTL3;TBX21;TFDP2;TIGIT;TMIGD2;TPST2;TTC38;TXK;UBB;USP28;YPEL1;ZAP70;ZBTB16,132,,,,
C8,M41685,T cell,TRAVAGLINI_LUNG_NATURAL_KILLER_T_CELL,,B2M;CD69;CD7;CRTAM;CTSW;CXCR3;CXCR4;DUSP2;GATA3;GNLY;GZMB;HLA-C;HOPX;ID2;IL2RB;ITGA1;KLRC1;KLRC2;KLRC3;KLRD1;KRT81;KRT86;MYL12A;NKG7;PRF1;RGS1;SH2D1B;SLA2;SOCS1;TNFRSF18;XCL1;XCL2;XIST;ZNF683,34,,,,
C8,M39306,T cell,CUI_DEVELOPING_HEART_C9_B_T_CELL,,ACAP1;ADGRE5;ARHGAP15;ARHGAP9;ARHGDIB;ARHGEF1;ARL4C;ARPC1B;BIN2;BTG1;CCL5;CCND3;CD247;CD37;CD3D;CD3E;CD3G;CD44;CD48;CD52;CD53;CD69;CD7;CD96;CDC42SE2;CLEC2B;CLEC2D;CLK1;CNOT6L;CORO1A;COTL1;CST7;CTSW;CXCR4;CYTIP;DEDD2;DENND2D;DNAJB1;DUSP2;ELF1;ETS1;EVL;FAM107B;CYRIB;RIPOR2;FCER1G;FCMR;FXYD5;FYB1;GIMAP4;GIMAP7;GMFG;GNG2;GPR183;GPR65;GPSM3;GZMA;HCLS1;HCST;HLA-A;HLA-B;HLA-C;HLA-E;HLA-F;HLA-H;ARHGAP45;IFITM1;IFITM2;IL16;IL2RB;IL2RG;IL32;IL7R;IRF1;ISG15;ISG20;ITGAL;ITGB2;ITK;JAK1;JUNB;KLRB1;KLRD1;LAPTM5;LAT;LCK;LCP1;LEF1;LEPROTL1;LIMD2;LINC00861;LITAF;LPXN;LSP1;LTB;NFKBIA;NKG7;OSTF1;PABPC1;PDCD4;PIK3IP1;PIM2;PIP4K2A;PLAC8;PRF1;PRKCH;PSMB9;PTGER4;PTPN22;PTPRC;PTPRCAP;PVRIG;RAC2;PLAAT4;RGCC;RGS1;RHOH;RNF166;RNF213;RUNX3;SAMD3;SAMSN1;SARAF;SASH3;SATB1;SELL;SEPTIN1;SEPTIN6;SH2D1A;SH3KBP1;SKAP1;SLC2A3;SLC9A3R1;SPOCK2;SRGN;STK17B;STK4;TAGAP;TAPBP;TBC1D10C;TCF7;TMC8;TMIGD2;TNFAIP3;TSC22D3;TUBA4A;TXK;TXNIP;UCP2;WIPF1;YPEL5;ZAP70;ZFP36;ZFP36L2;ZNF331,155,,,,
C8,M40192,T cell,DESCARTES_FETAL_HEART_EPICARDIAL_FAT_CELLS,,CFTR;FMO1;HSD17B6;CDH3;CDON;SLC4A4;LRP2;TGM1;SLC7A4;BDKRB1;MSLN;HAS1;CA9;NMU;SIM1;UPK1B;EFEMP1;IGFBP5;PRG4;RARRES1;ECRG4;PPP4R4;SFRP5;TNFRSF8;LRAT;ATP7B;DAW1;SLPI;MYRF;C3;LRRN4;CPA4;CHAC1;NXNL2;EPS8L1;C1QL1;GFPT2;KREMEN2;RHPN2;WNT2B;KRT7;SCEL;PTPRQ;CBLN2;GRB7;ABCA12;GADL1;MAL2;FAM83A;CRB2;MKX;PLEKHH2;CPB1;ADAMTS3;NPHS1;PDZK1IP1;UBXN10;CCNYL1;CLDN1;RAET1E;TNFRSF11B;SBSPON;PDZRN4;KLK5;KLK11;GSDMA;PHYHIP;KLK7;GSG1L;RSPO1;BNC1;NRG4;FSHR;MIR31HG;PDZD3;CARNS1;CST6;PRR15;ZFP42;ITLN1;KCTD4;EPGN;KCTD8;FAM110C;WT1;KRT5;FYB2;PLA2G2A;ALKAL2;SPRR2B;C1orf53;NEU4;C21orf62;IGHG4;PRR15-DT;LINC01266;LINC02643;LINC01638;LINC01239;LINC02331;TRHDE-AS1;UPK3B;CFB;SPRR2F;LINC01018;MPPED2-AS1;LOC283299;MKRN9P;CERS3-AS1;LINC00922;ENSG00000268686,111,,,,
C8,M39276,T cell,DURANTE_ADULT_OLFACTORY_NEUROEPITHELIUM_CD4_T_CELLS,,ACAP1;ARHGDIB;CD2;CD3D;CD3E;CD3G;CD48;CD52;CD69;CLEC2D;CORO1A;CXCR4;FYB1;GMFG;GPR183;HCST;IL32;IL7R;KLRB1;LTB;PTPRC;RORA;RPS29;STK4;TAGAP;TNFAIP3;TRAC;TRBC1;TRBC2;TSC22D3,30,,,,
C8,M39275,T cell,DURANTE_ADULT_OLFACTORY_NEUROEPITHELIUM_CD8_T_CELLS,,ACAP1;ALOX5AP;ARHGDIB;ARL4C;BTG1;CCL4;CCL4L2;CCL5;CD2;CD3D;CD3E;CD3G;CD48;CD52;CD69;CD7;CD8A;CD8B;CD96;CKLF;CLEC2D;CORO1A;CST7;CTSW;CXCR4;CXCR6;CYTIP;DUSP2;EVL;FYB1;GMFG;GZMA;GZMM;HCST;HOPX;ID2;IL2RG;IL32;IL7R;JAML;KLRB1;KLRC1;LAPTM5;LCK;LCP1;LEPROTL1;LINC01871;LSP1;NKG7;PTGER4;PTPN22;PTPRC;RAC2;RGS1;RORA;RUNX3;SAMSN1;SH3BGRL3;STK17A;STK17B;STK4;SYTL3;TAGAP;TBC1D10C;TMSB4X;TNFAIP3;TRAC;TRAF3IP3;TRBC1;TRBC2;TRGC2;TSC22D3;ZFP36L2,73,,,,
C8,M39047,T cell,FAN_EMBRYONIC_CTX_BRAIN_NAIVE_LIKE_T_CELL,,ABRACL;ACAP1;ACTN1;ADD3;TLE5;JAML;ANXA1;APRT;ARHGAP15;ARHGDIB;ARHGEF1;ARL4C;BTN3A2;C16orf54;CAMK4;MCUB;CCND3;CCR7;CD2;CD27;CD3D;CD3E;CD3G;CD40LG;CD44;CD48;CD5;CD52;CD6;CD69;CD7;CD96;CDC42SE2;CHI3L2;CIB1;CLEC2D;CNN2;CORO1A;CRIP1;CXCR4;CYFIP2;CYTIP;DENND2D;DGKA;EEF1D;EMP3;EPHX2;ETS1;FAM107B;FAM117B;RIPOR2;FCMR;FGD3;FLT3LG;FXYD5;GBP2;GIMAP4;GIMAP7;GMFG;GPR171;GPSM3;GSTK1;HLA-A;HLA-B;HLA-C;HLA-F;HPGD;ICAM3;ICOS;ID3;IFITM1;IL16;IL27RA;IL2RG;IL32;IL7R;ISG20;ITK;LAT;LCK;LDHB;LDLRAP1;LEF1;LEPROTL1;LIMD2;LIME1;LINC00861;LPIN1;LRRFIP1;LRRN3;LSP1;LTB;LY9;MAL;MTERF4;MYC;MYL12A;NOSIP;NPM1;NSMCE1;OCIAD2;OXNAD1;PCMTD2;PDCD4;PIK3IP1;PIM2;PLAC8;PRKCH;PRKCQ-AS1;PRMT2;PSMB8;PSMB9;PTPRC;PTPRCAP;PVRIG;RAC2;PLAAT4;RCAN3;RGCC;RHOH;RPL13A;RRN3P1;RSL24D1;SAMD3;SATB1;SCML4;SELL;SEPTIN1;SEPTIN6;SEPTIN9;SERINC5;SH2D1A;SKAP1;SMC4;STK17B;STK38;STK4;SYTL1;TAGLN2;TBC1D10C;TC2N;TCF7;TES;TESPA1;THEMIS;TMEM123;TNFAIP3;TNFAIP8;TOB1;TRABD2A;TRAF3IP3;TRAT1;TSC22D3;TSTD1;TUBA4A;TXK;TXNIP;ZAP70,158,,,,
C8,M43616,T cell,GAUTAM_EYE_CHOROID_SCLERA_ACTIVATED_T_CELLS,,ABTB1;ACSL5;ACSS1;AP4B1;APOBEC3D;AQP3;ARID3B;BMAL1;ASF1A;INTS13;ATP2A3;BCL7B;BRD1;TMEM273;C6orf120;CAMK2G;CCM2;CCR5;CD274;CD58;CDC7;CDIP1;CDK5R1;CENPN;CERK;CHD7;CNST;COX18;CRNKL1;CSF2;DBP;DDB2;DDX11;DIAPH1;TEPSIN;ERAP2;FAM136A;FASLG;FCRL6;FERMT3;GIMAP6;GLMN;GPR155;GPR18;GSKIP;HELB;MFSD14CP;H2BC18;IFFO2;IFIH1;IL27RA;PATJ;INO80E;INPP4A;ITFG2;KAT7;KDM2A;KIF2A;KLHDC4;LAIR1;MAEA;MAN2B1;MIAT;MIR155HG;MT-CO1;MTERF4;MTFP1;MXD4;N4BP2;NIPAL3;NKAP;NLRP1;NUBP2;ORC4;TENT4B;PAPOLG;PARP11;PCYT1A;PDCD2;PILRB;CUTALP;PTGDR;PTPN6;RANBP3;RAPGEF6;RGS19;RINL;RNF157;RPL37A;RPL8;SAP30;SIT1;SLAMF1;SLC39A10;SNAI3;SNX10;SNX14;SPATA2L;SPN;SYNRG;SYTL2;TGIF2;THEMIS;TMEM154;TNFSF4;TOMM5;TRIM26;TRIM59;USP12;ZBTB37;ZC3H18;TUT7;ZFAND2B;ZNF266;ZNF276;ZNF431;ZNF721;ZNF836;ZNHIT6,119,,,,
C8,M43625,T cell,GAUTAM_EYE_CORNEA_CYTOTOXIC_T_CELLS,,ABHD16A;ACSL4;COQ8B;ADH7;AGPAT4;AMDHD2;ANKRD54;ANKS3;APLF;ARMC5;ASPM;ATAD2B;ATG7;ATP5MC3;ATP5MG;DMAC2;ATP9B;ATRIP;AUTS2;BAG4;BRMS1L;BTBD8;VPS35L;DNAAF9;C4orf47;C6orf136;RBIS;CASP2;CCDC144A;CCZ1B;CDK19;CEBPZOS;CELSR2;CENPF;CEP152;CEP72;CIDEB;CLASP1;CLIC3;COG7;SLC49A4;DNAJC27;DTYMK;EDC3;EEFSEC;EHHADH;EIF2B1;FABP6;FAM13A;FAM13A-AS1;SLF2;ENTREP3;LRRC75A;DIPK1A;FARS2;FBXL4;FDXACB1;FMO4;FNDC3B;GPATCH2;HAUS4;IDUA;INTS1;ITPK1;DELE1;KIF11;KLHL29;LDB1;LINC00649;LINC00663;LONRF1;MAPKBP1;MATN2;MCOLN2;MDN1;MED25;CSKMT;MLKL;MLYCD;MRRF;MTERF1;NAPEPLD;NF2;NKAIN4;NMU;NUSAP1;NXPE3;OXSM;PCGF1;PCTP;PDGFD;PELP1;PHOSPHO2;PIP5K1C;PLOD3;POLR3C;CAVIN3;PSTK;PTPRE;QRICH1;RAB12;RAB3IP;RAD17;RGS16;RHBDD3;RIN1;RP9;SH2B1;SLC12A9;SLC2A11;SLC35D1;SLFN13;SMYD3;SNIP1;SPTLC3;SRD5A3;STARD4-AS1;SUGP1;TAPT1-AS1;TECPR1;THAP2;THOC6;TM4SF4;TMED8;TOPBP1;TRMT1;TSPYL4;TTL;UBE2O;VRK1;XRCC2;ZBED6;ZC3H11A;ZC3H7B;ZDHHC1;ZFP14;ZFP30;ZNF236;ZNF248;ZNF391;ZNF415;ZNF44;ZNF573;ZNF621;ZNF626;ZNF827;ZNF92;POLR1HASP,148,,,,
C8,M43603,T cell,GAUTAM_EYE_IRIS_CILIARY_BODY_ACTIVATED_T_CELLS,,ABHD3;ADAM19;ADAM8;ANKRD12;ANKRD49;AOAH;ARID5A;ATF7IP;ATP5MG;ATXN1;BTN3A1;VSIR;DGLUCY;METTL26;CYBC1;C9orf78;CAP1;CAPN12;CARD11;MCUB;CCDC85B;CD70;CDC14A;CDC42EP3;CFL1;CHST12;CLIC1;CMPK1;COX4I1;CYFIP2;DDB2;DGKZ;DHRS1;EIF3M;EZR;TENT5C;RIPOR2;FBXW5;FGD3;FLI1;FLT3LG;GLRX;RACK1;GOLGA8A;GOLGA8B;HERPUD2;H1-4;H2AC6;H2BC8;H2BC18;JPT1;HYPK;IL18RAP;IL23A;IL2RB;IPCEF1;IQGAP1;ITGB2-AS1;KLRC4;LINC00426;ATP2B1-AS1;LPIN2;LRRFIP1;MAF;MBNL1;MGAT4A;MYH9;NAP1L4;NIPAL3;NUP210;OCIAD2;ODF2L;OFD1;P2RY10;PATL2;PDE4D;PRKCB;PRMT9;PRPF38B;PSMD13;RASA2;RBL2;RGS19;RNF213;ROCK1;RORA;ZNF778-DT;RPL10A;RPL12;RPL17;RPL35;RPL9;RPS10;RPS23;RPS5;RPS6KA3;S1PR4;SAP30;SFI1;SH2D3A;SH3KBP1;SLAMF1;SLAMF6;SNAP47;SNRNP200;SNRPD2;SPN;SPON2;SRRT;ST3GAL1;SUN2;SYNRG;SYTL1;SYTL2;TCF7;TERF2IP;TMEM71;TNFRSF1B;TNFSF14;TRADD;TRAT1;UBALD2;UBB;UGP2;WHAMM;ZFAND2A;ZFAS1;ZFYVE28,128,,,,
C8,M43606,T cell,GAUTAM_EYE_IRIS_CILIARY_BODY_CYTOTOXIC_T_CELLS,,PRXL2C;LINC00513;LINC01857;ANKZF1;APOBEC3G;ARPC1B;BAIAP3;TMEM273;RAB5IF;CD86;ADGRE5;CDC40;ADA2;CENPM;COMMD6;CYP20A1;DBF4;DLEU1;DMXL1;DOP1B;DR1;EBP;ELOF1;WASHC2A;SINHCAF;CIAO2A;FGD3;GATA2;GCA;RACK1;GRIPAP1;HADH;HDAC10;HIBCH;H2AC18;HMGB1;HSP90AB1;IDI1;IRAK2;KLHL6-AS1;LAX1;LINC00996;LRBA;MAP4K2;MCOLN2;MITD1;MOB4;NAA50;NME1-NME2;NPAT;NR2C2AP;NRROS;PCED1B;PEA15;PKHD1L1;PPP1CA;PPTC7;RASSF5;RBM38;RCOR3;RNF168;RPL35;RPL5;S1PR4;SEPTIN1;SETDB2;SLC17A9;SLC2A6;SNX10;SS18L2;SSNA1;STK10;STK38;SYNGR1;TBRG1;THUMPD1;TIFA;TLK2;TMEM19;TMEM63A;TPT1;TRAPPC10;TRIM4;UBE2E2;USP48;ZNF107;ZNF138,87,,,,
C8,M39193,T cell,HAY_BONE_MARROW_CD8_T_CELL,,CD99;IL32;FYN;RNF19A;ARAP2;TNFRSF9;TNIP3;SYNE2;PRDM1;CHI3L2;JMJD6;PPP2R5C;PTPRC;LAG3;RGS1;GZMH;RASAL3;MFSD10;CRTAM;ATG2A;CLEC2B;IFNG;GZMK;SRSF7;CXCR4;HERPUD2;ATP8A1;PPDPF;PTPN22;CCNH;KIF21A;KLRG1;GUK1;PTPN7;LYAR;ITGB1;UBC;PARP8;JAKMIP1;NR4A2;CD8A;GBP5;SLA;DUSP2;SON;SLAMF6;CAPN2;STK17A;TTC16;ENC1;CD8B;CXCR6;ZNF683;MSC;F2R;TIGIT;TENT5C;SH2D1A;TPRG1;KIF19;MT1F;MIAT;TRGC2;PATL2;LINC02937;TMA7;HLA-B;LINC01871;LINC00987;A2M-AS1;CCL5;LINC03057;TRG-AS1,73,,,,
C8,M39204,NK,HAY_BONE_MARROW_NK_CELLS,,CFLAR;ITGAL;AGK;MATK;TKTL1;STARD3NL;RUNX3;OSBPL5;PRKCH;SH2D2A;MYOM2;USP28;CASP8;TSPAN32;IDI1;PDZD4;RASSF1;SIRT2;TGFBR3;RNF126;NFATC3;STK10;LLGL2;TBX21;TXK;TTC38;GTF3C1;CST7;SDF4;BZW1;ABCB1;TMED2;PTPN4;PXN;YPEL3;NDUFB2;CERS4;PSME1;TINF2;IL12RB1;CIRBP;NDUFB7;YPEL1;MAPK1;SUN2;APOBEC3H;IL2RB;MLC1;GZMB;DHRS7;SLA2;NFATC2;APMAP;MYL12A;CORO1A;USB1;CYB5B;HMOX2;NCALD;KLHDC4;KIR3DX1;TBCB;FSD1;LIM2;NKG7;VIPR2;AKNA;PLEKHA1;RGS9;PFN1;RNF167;DDX5;RAB5C;SLC9A3R1;CTSC;ZBTB16;DDX6;BIN2;ARHGDIB;GNPTAB;KLRB1;HDDC2;CYB561D2;CBLB;ZAP70;ACTR3;GNLY;IL18RAP;ID2;WIPF1;SCP2;FBXO6;C1orf21;RAB29;CD160;FASLG;RSRP1;RPS6KA1;MYL12B;PYROXD2;PILRB;POLR3GL;SASH3;CD244;SEPTIN7;ADGRE5;OPTN;ARHGAP9;ZBP1;TBCC;IRF1;PTGER2;KIR2DL1;DSTN;HCST;PRDX5;PLEKHG3;TPST2;RAC2;SLC44A2;ABHD17A;ACTN4;SSBP4;EIF3G;SHFL;SYNE1;RBM39;CAP1;RAMP1;RAP1GAP2;PTPRA;RBM38;PLAAT4;MED10;PRPF38B;TSPAN2;KLRD1;KLRC1;OSTF1;CEMIP2;HAVCR2;CCNJL;TES;PRR5L;CCDC102A;CHST12;AOAH;ARPC5L;FGFBP2;SYTL2;GCHFR;STAT4;ITGB7;VPS37B;RHOF;GPR65;MCTP2;TCF25;SKAP1;RNF165;ERBB2;MIEN1;MYO1F;EFHD2;SYTL1;PRKACB;CD53;XCL1;XCL2;C1orf56;CTDSP1;ARL6IP5;GZMA;GFOD1;PPP1R18;EBP;IL2RG;DOK2;CEP78;PAXX;DGKZ;NCAM1;GRIK4;FEZ1;COMMD7;KLRF1;PRSS23;PIP4K2A;SCLT1;ADAM8;CYRIB;LPCAT1;AK5;PITPNC1;SLFN13;PPP2R2B;UBE2L6;B3GNT7;DHRS1;PAFAH2;AUTS2;RNF166;ZNF276;MRPL10;ADGRG5;SPON2;CCDC107;G6PD;ITGB2;DIP2A;ST6GALNAC6;PCSK7;CCDC12;IER2;DMKN;SLC1A7;JAK1;DHRS3;HENMT1;DENND2D;ARPC2;EOMES;PYHIN1;IFI16;SHISA5;SAMD3;SYTL3;ZMAT4;PLEKHF1;B2M;TSC22D4;PDIA3;GNGT2;CERCAM;MVD;LAIR2;KIR3DL1;TMIGD2;CD320;CDK2AP2;CD300A;TOX-DT;POLR2G;NAALADL1;DDIT4;PTGDR;POLR2J3;CX3CR1;TAP1;SIGLEC7;ADRB2;CLIC3;LDB2;TRAPPC1;LGALS9B;STX8;KRT86;COMMD5;PDGFD;TADA3;HOPX;NMUR1;LGALS9C;BPGM;CTSW;CFL1;BNC2;CD7;RNF213;CTBP2;CHST2;GK5;TBC1D10C;UCP2;YES1;PLAAT3;BOK;DTX3;SELENOW;PRF1;S1PR5;CXCR2;FCRL6;TSEN54;MOB2;CAPN12;FHL3;ASCL2;PRKX;UBE2F;MAFF;CIB1;SIGIRR;IFITM2;PDE6G;MYBL1;IFITM1;LAMP1;GSAP;GNG2;BTN3A2;ARHGAP30;PRR5;TNFRSF18;RPS19BP1;CMC1;ARL4C;SBK1;KIR2DL4;LITAF;ZNF600;MMP23B;NCR1;SPTSSB;HSH2D;TLE1;FUT11;ANXA6;DTHD1;IGF2R;LRP10;MIB2;IRF1-AS1;GZMM;CDC42SE1;MBP;SH2D1B;CALM1;CD247;SELENOT;TOX;NCR3;HLA-C;HLA-E;HLA-F;PSMB10;ADGRG1;KLRC2;HLA-A;TRGC1;TRGV9;TRDC;SIPA1;HEXA;CLIC1;CPNE1;APOL6;MIR181A2HG;TAPBP;SIDT1-AS1;TFAP2E-AS1;APOBEC3G;PSMB9;ERICH6-AS1;SMKR1;KIR3DL2;ARPC4;KIR2DL3;APOBEC3C;LINC02481;LINC02384;MMP25-AS1;MIR142HG;RASSF5;LINC02084;LINC01138;MLLT6;CCL4;LINC00869;CCL3;CISD3,371,,,,
C8,M39202,T cell,HAY_BONE_MARROW_NAIVE_T_CELL,,NIPAL3;MCUB;RHBDD2;ST3GAL1;RPS20;TRAF3IP3;TTC19;CD6;PLEKHB1;APBA2;SH3YL1;USP36;TRAF1;EIF4B;RPL18;CNN2;DGKA;ANKRD44;FAM107B;CLEC2D;RORA;AP3M2;PABPC1;MGAT4A;RPL31;ACAP1;ARHGAP15;PAG1;ICAM3;ARHGEF1;IL4R;P2RY10;ITM2A;TCF7;FYB1;CYLD;RPS5;RPL6;SIRPG;FXYD5;GRAMD1A;DDX24;ZBTB25;FLT3LG;CREM;ABLIM1;TECR;SEC14L2;PIK3IP1;RPL3;TNRC6B;STK4;SMCHD1;RNF125;ANKRD12;VSIG1;PIM2;PCSK1N;CD40LG;RGCC;TRADD;USP10;RBL2;EIF3E;EEF1D;LEPROTL1;TLE5;C19orf53;IL27RA;RPS16;RPS19;NOP53;RPL18A;LSR;PBX4;ZC3HAV1;NMRK1;GATA3;SPOCK2;CCSER2;RPL28;RPL19;CYTH1;INPP4B;RPL34;SC5D;CD5;CARS1;RPS13;CD69;IL23A;DUSP16;CDKN1B;SLC38A1;LDHB;ADTRP;RIPOR2;RPS12;B3GAT2;CCR6;PHF1;ITK;SELENOK;CRBN;RPL24;FOXP1;EEF1B2;RPS15;PASK;AAK1;RPL22;CD2;CD48;RCAN3;RPS25;TNFAIP3;YPEL5;ELF1;EPHX2;RPL21;MTERF4;RPL5;ODF2L;LYPD3;RPS10;SEPTIN6;SH2D3A;SNRPD2;CCR7;SBDS;BCL11B;COX7C;HELB;KLF2;SNRPN;RPL36;ZNF331;RPL27;NDFIP1;TMEM204;DNAJB1;PATJ;TPT1;GIMAP4;BTG1;SARAF;REG4;RPS15A;IL2RA;TUT4;ETS1;BICDL1;TESPA1;GCC2;TBC1D4;BIN1;C9orf78;RPL35;SIT1;RPS6;G3BP2;CNOT6L;LEF1;CD27;FBLN5;LINS1;HAPLN3;RPS2;TOB1;TMC6;RNF157;RPL13A;NOSIP;RPL11;RPS8;ITPKB;GALM;EML4;RPS27A;FBLN7;NBEAL1;RPL32;OCIAD2;RPS3A;RPL37;PIK3R1;TNFAIP8;PNRC1;SCML4;RPL10;CHMP7;NSD3;RPL7;EIF3H;ZEB1;ADD3;RPS3;ATM;FAU;ARID5B;ANK3;FAM177A1;PDE3B;NMT2;CAMK4;ZFP36L2;TMEM123;CD96;PRKCA;TNIK;WNT7A;OXNAD1;RPL30;EEF1A1;FBXO32;EIF4A2;SUSD3;TSC22D3;LDLRAP1;CPA5;CDC42SE2;BTG2;THEM4;RGL4;UBASH3A;PRMT2;MPZL3;CD3G;U2AF1L4;SLC25A45;RPL29;CMPK1;CFAP36;PBXIP1;SSR2;TRAT1;ICOS;RPL9;SFMBT1;SERINC5;ACSL6;SFXN1;RPS14;DYNLT3;AQP3;RPL36AL;TC2N;MOAP1;ANAPC16;APBB1;RIC3;RPL27A;SLFN5;AKTIP;FAM102A;CD3D;RPL13;KRT1;TMC8;RPSA;SF1;TTC39C;RHOH;STAT3;IL7R;NSG1;CHD3;ATP6V0E2;JUNB;FAM241B;PTGER4;GPR82;BCL2;RPS21;RPS7;MAL;ORMDL3;ISG20;IL16;RASGRP1;THEMIS;CORO1B;RPL38;LRRN3;EIF1;PLK3;RPL4;RESF1;GPR171;CCDC57;PHLDB3;GCNT4;RPLP2;ANXA2R;RPS27;ZC3H12D;CD28;GIMAP7;PCED1B;SEPTIN1;ARHGAP45;ZNF101;P2RY8;SHISAL2A;TSHZ2;SATB1;RPS17;CRIP2;LCK;RPL35A;SMDT1;PPP1R2;TSPYL2;MAML2;BEX5;NELL2;SEPTIN9;ANO9;NSMCE3;SOCS1;RASA3;BLOC1S4;RPS23;TNFRSF4;TRABD2A;FNBP1;PP7080;COMMD6;RPL14;TMEM63A;MPHOSPH8;SUPT3H;EVL;TOMM7;ARID5A;GSTK1;STMN3;DPP4;RPS26;MDS2;RPL12;RPS4X;SFI1;SVIP;RPL23A;RPL10A;CD3E;RPL39;TCEA3;SNHG32;TRBC1;TRBC2;LINC01089;GIMAP1;LBH;GPSM3;LAT;RPS29;GALT;TNFRSF25;TSTD1;VAMP2;FXYD7;CUTALP;LTB;ITPKB-AS1;HECW2-AS1;RPL41;EPHA1-AS1;RPS18;ANKRD44-AS1;LINC-PINT;MHENCR;CHRM3-AS2;LINC00513;RPS28;HIPK1-AS1;LINC00402;MORC2-AS1;RPL36A;MTFP1;N4BP2L2;LINC00861;LINC02273;LINC01550;LACTB2-AS1;PRKCH-AS1;LINC02762;MALAT1;LINC02446;LINC02361;PARP11-AS1;KRT73-AS1;SRSF8;NCMAP-DT;TTC39C-AS1;RPL17;SNHG8;LINC03049;ENSG00000271858;DCTN6-DT;RAB33B-AS1;NEFL;TRAC;,404,,,,
C8,M45764,T cell,HE_LIM_SUN_FETAL_LUNG_C4_CD4_T_CELL,,ACTN1;ARMH1;BACH2;CCR7;CD4;CD40LG;CD5;CD6;CHI3L2;CSGALNACT1;CTSL;EPHX2;FCGRT;FHIT;FKBP5;GPR183;ICOS;IL6ST;INPP4B;LIMS2;LINC01550;LRRN3;MAL;PASK;RAB25;RCAN3;SERINC5;SIT1;SOCS3;SUSD3;THEMIS;TMEM204;TRAT1,33,,,,
C8,M45766,T cell,HE_LIM_SUN_FETAL_LUNG_C4_CD8_T_CELL,,A1BG;ACTN1;ARMH1;BACH2;CCR7;CD248;CD5;CD79A;CD8B;CHI3L2;CLEC11A;CPNE2;DBN1;FAM117B;FBLN2;GBP1;IGFBP2;JUP;LDLRAP1;LIMS2;LINC01550;LINC02446;LRRN3;LYPD3;MAL;MEOX1;NELL2;NPDC1;NT5E;PAK1;PASK;PCNT;PECAM1;PRKAR1B;RCAN3;S100B;SERINC5;SERPINF1;SGK1;SIRPG;SIT1;SPINT2;SREBF1;STMN3;THEMIS;TMEM204;TOB1;TRABD2A;YBX3,49,,,,
C8,M41752,T cell,RUBENSTEIN_SKELETAL_MUSCLE_T_CELLS,,ABRACL;ACTR3;APRT;ARHGDIB;ARL6IP5;ARPC1B;ATP5MG;BTF3;BTG1;C1orf56;SNHG32;CD2;CD37;CD3D;CD3E;CD3G;CD44;CD48;CD52;CD69;CD7;CDC42SE1;COMMD6;CORO1A;COTL1;COX7C;CRIP1;CUTA;CXCR4;CYBA;EEF1A1;EEF1B2;EEF1D;EIF1;EIF2S2;EIF3D;EIF3E;EIF3F;EIF3H;EIF3L;EMP3;ERP29;ETS1;EVL;FAU;FXYD5;FYB1;GIMAP4;NOP53;GMFG;RACK1;HCST;HINT1;HMGN1;HNRNPA1;HSPA8;IER2;IL2RG;IL32;IL7R;ISG20;JUNB;LAPTM5;LCK;LDHB;LEPROTL1;LIMD2;LTB;NOSIP;NPM1;OCIAD2;OST4;PABPC1;PFDN5;PFN1;PLAC8;PLP2;PPP1R2;PPP2R5C;PRKCQ-AS1;PTPRC;PTPRCAP;RPL10;RPL10A;RPL11;RPL12;RPL13;RPL13A;RPL14;RPL15;RPL17;RPL18;RPL18A;RPL19;RPL21;RPL22;RPL23;RPL23A;RPL24;RPL26;RPL27;RPL27A;RPL28;RPL29;RPL3;RPL30;RPL31;RPL32;RPL34;RPL35;RPL35A;RPL36;RPL36A;RPL36AL;RPL37;RPL37A;RPL38;RPL39;RPL4;RPL41;RPL5;RPL6;RPL7;RPL7A;RPL8;RPL9;RPLP0;RPLP1;RPLP2;RPS10;RPS12;RPS13;RPS14;RPS15;RPS15A;RPS16;RPS18;RPS19;RPS2;RPS20;RPS21;RPS23;RPS24;RPS25;RPS26;RPS27;RPS27A;RPS28;RPS29;RPS3;RPS3A;RPS4X;RPS4Y1;RPS5;RPS6;RPS7;RPS8;RPS9;RPSA;RPSAP58;RSL1D1;RSL24D1;SELL;SERP1;SH3BGRL3;SLFN5;SNHG8;TMA7;TMEM123;SARAF;TMSB4X;TOMM7;TPT1;TRAF3IP3;TSC22D3;UBA52;UBE2D2;UQCRB;UXT;ZFAS1;ZFP36L2,181,,,,
C8,M41683,T cell,TRAVAGLINI_LUNG_CD4_MEMORY_EFFECTOR_T_CELL,,ARHGAP15;BCL11B;CAPN2;CCR6;CD2;CD28;CD3D;CD3E;CD40LG;CD5;CD52;CD6;CD96;CDC14A;CLEC2D;CNN2;CORO1A;CRIP2;CTLA4;ETS1;EVL;GIMAP7;GPR183;GSTK1;HINT1;HLA-A;HNRNPLL;HSPA8;ICAM3;ICOS;IFITM1;IL10RA;IL2RG;IL32;IL7R;INPP4B;ITGB1;ITK;LCK;LDHB;LEF1;LINC00892;MIAT;PBXIP1;PCED1B-AS1;PRDM1;RASGRP1;RCAN3;RORA;RPL13A;RPL23A;RPS27;RPS29;RPS3;SARAF;SEPTIN1;SIT1;SKAP1;SLAMF1;SLC38A1;SLFN5;SPOCK2;SUSD3;SYNE2;TMEM123;TNFRSF25;TRADD;TRAF3IP3;TRAT1;TTC39C;TXNIP,71,,,,
C8,M41684,T cell,TRAVAGLINI_LUNG_CD4_NAIVE_T_CELL,,AAK1;ABLIM1;ADTRP;TLE5;AQP3;BCL11B;CCR7;CD27;CD3D;CD3E;CD6;CHMP7;CMPK1;DGKA;DPP4;EEF1A1;EPHX2;FAM102A;FCMR;FHIT;GIMAP4;GIMAP7;IFITM1;IL32;IL6ST;IL7R;INPP4B;ITK;LCK;LDHB;LDLRAP1;LEF1;LINC00861;MAL;MYC;NDFIP1;NELL2;NOSIP;NPM1;OXNAD1;PASK;PCED1B;PCED1B-AS1;PIK3IP1;PIM1;PIM2;PRKCA;PRKCQ-AS1;RCAN3;RPL10;RPL10A;RPL11;RPL12;RPL13;RPL13A;RPL13AP5;RPL14;RPL15;RPL18;RPL18A;RPL19;RPL23;RPL23A;RPL24;RPL26;RPL27;RPL27A;RPL28;RPL29;RPL3;RPL30;RPL31;RPL32;RPL34;RPL35;RPL35A;RPL36;RPL37;RPL37A;RPL38;RPL39;RPL4;RPL41;RPL5;RPL6;RPL7;RPL8;RPLP0;RPLP1;RPLP2;RPS12;RPS13;RPS14;RPS15;RPS15A;RPS16;RPS19;RPS2;RPS20;RPS21;RPS23;RPS27;RPS27A;RPS28;RPS29;RPS3;RPS3A;RPS5;RPS6;RPS7;RPS8;SARAF;SATB1;SELL;SEPTIN1;SERINC5;SNHG3;SNHG5;SPOCK2;STMN3;SUSD3;TC2N;TCF7;TESPA1;THEM4;TMC8;TNFRSF25;TRABD2A;TRAF3IP3;TRAT1;TXK;TXNIP,132,,,,
C8,M41681,T cell,TRAVAGLINI_LUNG_CD8_MEMORY_EFFECTOR_T_CELL,,CCL5;CD3D;CD3G;CD8A;CD8B;CDC42SE2;CMC1;CXCR6;DUSP2;FYN;GZMK;IKZF3;IL32;IL7R;LINC00861;MALAT1;PIP4K2A;PRDM1;PYHIN1;RPL23A;RPL30;RPL31;RPS14;RPS25;RPS27;RPS29;SH2D1A;SYNE2;TC2N,29,,,,
C8,M41682,T cell,TRAVAGLINI_LUNG_CD8_NAIVE_T_CELL,,AAK1;ABHD17A;ADGRG1;TLE5;AKNA;ANXA6;APMAP;APOBEC3G;ARL4C;ARPC5L;B2M;BCL11B;BIN1;BTN3A1;BTN3A2;C12orf75;C1orf21;IRF1-AS1;CALM1;CAPN2;CCL5;CCND2;CCND3;CD2;CD3D;CD3E;CD3G;CD7;CD8A;CD8B;CD96;CDC25B;CDC42SE2;CHST12;CMC1;CNOT6L;CRTAM;CST7;CTSW;CX3CR1;EMB;EOMES;ETS1;F2R;FCRL6;FGFBP2;FYN;GFI1;GNG2;GNLY;GZMA;GZMB;GZMH;GZMM;HCST;HLA-A;HLA-B;HLA-F;IFITM1;IKZF3;IL10RA;IL12RB1;IL32;ISG20;ITGAL;ITGB2;ITK;KLF2;KLRD1;KLRF1;KLRG1;LAG3;LCK;LSP1;LYAR;MALAT1;MATK;MBP;MIAT;MYL12A;MYO1G;NKG7;OPTN;PFN1;PIP4K2A;PLEKHF1;PPP2R5C;PRDM1;PRF1;PRKACB;PRKCH;PRSS23;PTGDR;PTP4A2;PTPN4;PYHIN1;RAB27A;RAP1B;PLAAT4;RASAL3;RNF125;RORA;RPL23A;RPL27A;RPS27;RPS3;RPS4Y1;RUNX3;S1PR4;S1PR5;SAMD3;SEPTIN1;SH2D1A;SH2D2A;SIGIRR;SKAP1;SLA2;SLAMF6;SLC9A3R1;SLFN5;SPN;SPOCK2;SPON2;SSBP4;STAT4;SUN2;SYNE1;SYNE2;SYNGR1;SYTL3;TBC1D10C;TBX21;TC2N;TGFBR3;TIGIT;TOB1;TPST2;TRG-AS1;TSEN54;TTC38;TUBA4A;ZAP70;ZBTB38;ZFP36L2,144,,,,
C8,M39116,NK or NKT,AIZARANI_LIVER_C12_NK_NKT_CELLS_4,,ALOX5AP;BAG3;BTG2;BTN3A1;CACYBP;CCL5;CD247;CD3E;CD69;CD7;CMC1;CST7;DNAJA1;DNAJA4;DNAJB1;DUSP2;EOMES;GNLY;GZMA;GZMK;HSP90AA1;HSPA1A;HSPA1B;HSPA6;HSPA8;HSPD1;HSPH1;IFITM1;IFNG;IKZF3;IL2RB;IL2RG;ITGAL;KLRB1;KLRD1;KLRF1;KLRK1;LCP1;NKG7;PTPRC;PYHIN1;RAC2;RUNX3;STK17A;SYTL3;TRGC1;TXK;TXNIP;WIPF1,49,,,,
C8,M39120,NK or NKT,AIZARANI_LIVER_C18_NK_NKT_CELLS_5,,ADGRE2;AIF1;ALOX5;ANXA1;APOBEC3A;AREG;ATP2B1;ATP6V1B2;BAG3;BCL2A1;C1orf162;C3AR1;C5AR1;CCDC88A;CCL3L3;CCR1;CD163;CD37;CD83;CEBPB;ADA2;CLEC7A;COTL1;CPVL;CSF1R;CST3;CTSS;CXCL8;CYBB;DNAJA1;DNAJB1;EVI2B;FCER1G;FCGR2A;FCGR3A;FCN1;FGD4;FGL2;FGR;FPR1;FTH1;GADD45B;GPR183;MACROH2A1;HBEGF;HCK;HCLS1;HK3;HLA-DMA;HLA-DPA1;HLA-DPB1;HLA-DQB1;HLA-DRA;HSP90AA1;HSP90AB1;HSPA1A;HSPA1B;HSPA6;HSPB1;HSPD1;HSPH1;IER3;IER5;IGSF6;IL1B;IRAK3;ITGAX;JARID2;KCTD12;KLF2;KLF4;LAPTM5;LILRB1;LILRB2;LILRB3;ATP2B1-AS1;LST1;LYN;LYZ;MAFB;MARCHF1;MNDA;MPEG1;MS4A7;NCF1;NCF2;NPC2;P2RX7;PABPC4;PHACTR1;PLAUR;PLEK;PMAIP1;POU2F2;PSAP;PTK2B;PTPN6;PTPRE;RAB31;RGS2;RILPL2;RNASE6;RNF144B;S100A11;S100A8;S100A9;SAMHD1;SAT1;SCIMP;SGK1;SLC11A1;SLC7A7;TET2;TGFBI;TLR2;TNFAIP2;TNFRSF1B;TYROBP;VCAN;VIM;ZEB2,121,,,,
C8,M39105,NK or NKT,AIZARANI_LIVER_C1_NK_NKT_CELLS_1,,ADGRE5;ADGRG1;AKNA;ALOX5AP;APOBEC3C;APOBEC3G;ARHGAP25;ARHGAP30;ARHGAP9;ARHGDIB;ARL4C;ATM;B2M;BCL11B;BIN2;BTG1;BTN3A1;CBLB;CCL5;CCR5;CD2;CD247;CD3D;CD3E;CD3G;CD44;CD48;CD53;CD7;CD8A;CD8B;CD96;CELF2;CLEC2D;CMC1;CNOT6L;CORO1A;CST7;CTSW;CXCR4;CXCR6;CYFIP2;CYTIP;DENND2D;DUSP2;EMB;EOMES;ETS1;EVL;FCMR;FCRL6;FLNA;FYB1;FYN;GCSAM;GIMAP7;GNLY;GZMA;GZMB;GZMH;GZMK;GZMM;HCST;HLA-A;HLA-B;HLA-C;HLA-F;ARHGAP45;HOPX;IFITM1;IKZF1;IKZF2;IKZF3;IL2RB;IL2RG;IL32;IPCEF1;ISG20;ITGAL;ITGB2;RESF1;KLRD1;KLRF1;KLRG1;KLRK1;LCK;LCP1;LNPEP;LYST;MAPK1;MBP;MIAT;MLLT6;NKG7;NLRC5;PARP8;PCED1B-AS1;PDE7A;PIK3IP1;PIK3R1;PIP4K2A;PPP1R18;PPP2R5C;PRDM1;PRF1;PRKACB;PRKCB;PRKCH;PRKCQ;PTP4A2;PTPN22;PTPRC;PTPRCAP;PVRIG;PYHIN1;RAC2;PLAAT4;RASAL3;RASSF5;RBM38;RGS1;RPL23A;RPL27A;RPL30;RPS27;RPS29;RPS3;RPSA;RUNX3;SASH3;SEMA4D;SH2D1A;SH2D2A;SH3BGRL3;SH3KBP1;SLA;SLAMF6;SLAMF7;SLC38A1;SLFN5;STK10;STK17A;STK4;SYTL3;TBC1D10C;TBX21;TIGIT;TMC8;TMSB4X;TNFRSF1B;TRAC;TRBC1;TRBC2;TRGC1;TXNIP;WIPF1;ZFP36L2,157,,,,
C8,M39107,NK or NKT,AIZARANI_LIVER_C3_NK_NKT_CELLS_2,,ADGRE5;CRYBG1;AKNA;JAML;ANXA1;ARHGDIB;ARL4C;B2M;BCL11B;BCL2;BTG1;CAMK4;CD2;CD3D;CD3E;CD3G;CD40LG;CD44;CD48;CD52;CD53;CD6;CD69;CD8A;CD96;CELF2;CLEC2D;CNOT6L;CORO1A;CXCR4;CXCR6;CYTIP;DGKA;DUSP2;EMB;ERN1;ETS1;FNBP1;FYB1;FYN;GATA3;GBP5;GIMAP7;GPR171;GZMA;GZMK;HLA-B;HLA-F;IKZF1;IKZF3;IL18RAP;IL2RG;IL32;IL7R;INPP4B;ITK;JUNB;RESF1;KLRB1;KLRG1;LAPTM5;LCK;LCP1;LTB;LTK;MDFIC;MYBL1;P2RX5;PAG1;PARP8;PBXIP1;PCED1B-AS1;PDCD4;PIK3IP1;PIP4K2A;PRDM1;PRF1;PTGER2;PTGER4;PTPRC;PTPRCAP;RAC2;RASGRP1;RHOH;RORA;RPL10;RPL10A;RPL13;RPL13A;RPL17;RPL18;RPL18A;RPL19;RPL21;RPL23A;RPL27;RPL27A;RPL28;RPL30;RPL32;RPL34;RPL35A;RPL37;RPL39;RPL41;RPLP1;RPLP2;RPS10;RPS12;RPS14;RPS15A;RPS17;RPS18;RPS19;RPS2;RPS20;RPS25;RPS26;RPS27;RPS27A;RPS29;RPS3;RPS3A;RPS6KA3;RPSA;RUNX2;RUNX3;S100A4;SARAF;SATB1;SCML4;SEMA4D;SESN1;SIRPG;SLA;SLAMF6;SLC38A1;SLC4A10;SLFN5;SPOCK2;STK17B;STK4;SYNE2;TAGAP;TC2N;TCF7;THEMIS;TMSB4X;TNFAIP3;TNFAIP8;TOMM7;TRAC;TRAT1;TRBC1;TRBC2;TRGC1;TSC22D3;TXNIP;WIPF1;ZC3HAV1;ZFP36L2;ZNF90,162,,,,
C8,M39109,NK or NKT,AIZARANI_LIVER_C5_NK_NKT_CELLS_3,,ADGRE5;AKNA;ALOX5AP;AOAH;AREG;ARHGAP9;ARHGDIB;ARPC5L;BIN2;BTG1;BTN3A1;CBLB;CCL3L3;CCL4;CCL4L2;CCL5;CCND2;CD160;CD2;CD247;CD3E;CD53;CD69;CD7;CD96;CELF2;CMC1;CNOT6L;CORO1A;CST7;CTSW;CXCR4;CXCR6;CYTIP;DENND2D;DUSP2;EOMES;ETS1;FCER1G;FCMR;FYB1;FYN;GFOD1;GNG2;GNLY;GNPTAB;GZMA;GZMB;GZMK;HCST;HLA-F;IFITM1;IFNG;IKZF1;IKZF3;IL2RB;IL2RG;IPCEF1;ITGAL;ITGB2;KLRB1;KLRC1;KLRD1;KLRF1;KLRK1;LCP1;MAPK1;MCTP2;MYBL1;NCAM1;NCR1;NKG7;NR4A2;PARP8;PDE7A;PFN1;PIK3IP1;PIK3R1;PIP4K2A;PITPNC1;PLEK;PRDM1;PRF1;PRKACB;PRKCH;PTGER4;PTPN22;PTPN4;PTPRC;PTPRCAP;PVRIG;PYHIN1;RAC2;PLAAT4;RASA2;RASSF5;RNF125;RPS27;RUNX3;S1PR5;SASH3;SH2D1A;SH2D1B;SLA;SLAMF6;SLAMF7;SLC38A1;SLFN5;SPON2;SRGN;STK17A;SYK;SYTL3;TAGAP;TIGIT;TOX;TRBC2;TRDC;TRGC1;TSC22D3;TXK;TYROBP;WIPF1;XCL1;XCL2;ZFP36L2,126,,,,
C8,M39287,NK,DURANTE_ADULT_OLFACTORY_NEUROEPITHELIUM_NK_CELLS,,APOBEC3G;ARHGDIB;ARL4C;B2M;BIN2;CCL3;CCL4;CCL4L2;CCL5;CCND3;CD160;CD247;CD48;CD52;CD53;CD69;CD7;CLIC3;CMC1;CORO1A;CST7;CTSW;CXCR4;CYBA;DOK2;DUSP2;EFHD2;EMP3;EVL;CYRIB;FCER1G;FCGR3A;FGFBP2;GNLY;GPR65;GZMA;GZMB;GZMH;GZMM;HCST;HLA-A;HLA-B;HLA-C;HOPX;IFITM2;IL2RB;IL2RG;IL32;ITGB2;KLRB1;KLRD1;KLRF1;LCP1;LIMD2;LSP1;MATK;MYL12A;MYO1F;MYOM2;NKG7;PFN1;PLAC8;PLEK;PPP2R5C;PRF1;PSMB9;PTGDS;PTPRC;PYHIN1;RAC2;RAP1B;PLAAT4;SH3BGRL3;SPN;SPON2;SRGN;TBC1D10C;TMSB4X;TRAF3IP3;TRBC1;TRDC;TYROBP;UCP2;XCL2,84,,,,
C8,M41714,NK,FAN_OVARY_CL12_T_LYMPHOCYTE_NK_CELL_2,,ABRACL;AKAP13;ALOX5AP;ANKRD12;ANXA1;ARF6;ARHGDIA;ARHGDIB;ARPC1B;ARPC2;ATP1B3;ATP5F1E;ATP6V0E1;B2M;BAZ1A;BIRC3;BTG1;CALM1;CAST;CCL5;CD2;CD3D;CD44;CD52;CD53;CD6;CD69;CD7;CDC37;CDC42;CDC42SE2;CIB1;CLDND1;CLEC2D;CORO1A;COX6A1;CREM;CRIP1;CST7;CXCR4;CYBA;CYTIP;DDIT4;DUSP2;EIF1;ELF1;EML4;EMP3;EVI2A;EVI2B;EZR;FNBP1;FTH1;FXYD5;FYN;GIMAP7;GLIPR1;GPR183;H2AZ2;HINT1;HLA-A;HLA-B;HLA-C;HLA-E;IL2RG;IL32;IL7R;ISCU;ISG20;ITM2A;JAK1;KLF6;KLRB1;KMT2E;LAPTM5;LEPROTL1;LRRFIP1;LTB;MALAT1;MRPS6;MSN;MYL6;NDUFB8;NDUFV2;NR3C1;OAZ1;OST4;PABPC1;PAIP2;PBXIP1;PDCD4;PFN1;PGK1;PHLDA1;PKM;PLIN2;PLP2;POLR2L;PPP1CB;PPP1R2;PPP2R5C;PRRC2C;PSMA7;PTPRC;RAP1B;RGCC;RHBDD2;RHOG;RORA;RPL27;RPL28;RPL36AL;RPLP1;RPLP2;RPS10;RPS12;RPS16;RPS21;RPS26;RPS27;RPS29;S100A11;S100A4;S100A6;SAMSN1;SARAF;SELENOT;SH3BGRL3;SLC3A2;SPOCK2;SRGN;SRSF2;SSR4;STK17A;STK4;SUB1;TAGLN2;TANK;TGFB1;TMEM50A;TMSB4X;TNFAIP3;TPM3;TPT1;TRAC;TRAM1;TRAT1;TRBC1;TRBC2;TSC22D3;TSPYL2;TUBA4A;TUBB4B;UBA52;UBB;UBC;WIPF1;YPEL5;YWHAB;YWHAH;ZFP36L2,161,,,,
C8,M41706,NK,FAN_OVARY_CL4_T_LYMPHOCYTE_NK_CELL_1,,ADGRE5;ADRM1;AKAP13;AKNA;ALOX5AP;ANXA1;ANXA11;APMAP;APOBEC3G;ARF6;ARHGDIA;ARHGDIB;ARID4B;ARID5A;ARL6IP5;ARPC1B;ARPC2;ARPC3;ATP1B3;ATP5F1B;ATP5F1E;ATP6V0E1;AURKAIP1;B2M;BIRC3;BTG1;BUB3;BZW1;C12orf75;TRIR;RAB5IF;C9orf78;CALM1;CALR;CAP1;CAPZA1;CCL4;CCL5;CD2;CD247;CD37;CD3D;CD3E;CD44;CD52;CD53;CD69;CD7;CDC37;CDC42;CDC42SE1;CDC42SE2;CFL1;CHCHD2;CHST12;CIB1;CLEC2D;CLIC1;CORO1A;COTL1;COX6A1;CREM;CRIP1;CST7;CTSW;CXCR4;CYBA;CYTIP;DAZAP2;DBI;DDIT4;DDX24;DOK2;DUSP2;DYNLL1;EIF1;EIF5A;ELF1;EMP3;ENO1;ENSA;EZR;FAM177A1;FGFR1OP2;FLNA;FNBP1;FTH1;FXYD5;FYN;GAPDH;GIMAP7;GNG2;GNLY;GSPT1;GUK1;GZMA;GZMB;GZMH;GZMK;GZMM;H2AZ2;HCST;HINT1;HLA-A;HLA-B;HLA-C;HLA-DPB1;HLA-DQB1;HLA-DRB1;HLA-E;HMGB2;JPT1;HOPX;HSP90AA1;HSPA1A;HSPA8;ID2;IDI1;IFITM1;IFITM2;IL2RG;IL32;IRF1;ISCU;ISG15;ISG20;ITGB2;ITM2A;JAK1;JTB;KLF6;KLRB1;KLRD1;KMT2E;LAPTM5;LCP1;LDHA;LEPROTL1;LIMD2;LITAF;LRRFIP1;LSP1;MANF;MCL1;MRPS6;MSN;MYL6;NAA50;NDUFA6;NDUFB8;NKG7;NOP10;OASL;OAZ1;PABPC1;PAIP2;PDCD4;PFN1;PGAM1;PGK1;PIK3R1;PKM;PLP2;POLR2L;PPP1CA;PPP2R5C;PPP4C;PRF1;PRPF38B;PRR13;PRRC2C;PSMA7;PSMB9;PSME1;PSME2;PTMA;PTPRC;RAB5C;RABAC1;RAN;RAP1B;PLAAT4;RBM8A;RGCC;RHOA;RPL28;RPS26;RPS29;RUNX3;S100A10;S100A11;S100A4;S100A6;S1PR4;SAMSN1;SARAF;SELENOT;SF3B2;SH2D2A;SH3BGRL3;SLC3A2;SNRPB;SNU13;SOD1;SPOCK2;SRGN;SRSF2;SRSF7;SSR4;STK4;SUB1;SUPT4H1;SURF4;SYAP1;TAGLN2;TAP1;TCF25;TERF2IP;TGFB1;TMA7;TMBIM6;TMEM50A;TMSB4X;TNFRSF1B;TPM3;TRAC;TRAM1;TRBC1;TRBC2;TRGC2;TSC22D3;TUBA1A;TUBA1B;TUBA4A;TUBB4B;UBA52;UBB;UBC;UBE2A;UBE2D3;WIPF1;YPEL5;YWHAB;YWHAZ;ZFP36;ZFP36L2,246,,,,
C8,M45762,NK,HE_LIM_SUN_FETAL_LUNG_C4_ACTIVATED_NK_CELL,,APLP2;BCL2A1;BCL2L1;BCL2L11;CD72;CD82;CRTAM;DOT1L;EGR2;FABP5;FAM3C;FCRL3;FEZ1;GFOD1;HAVCR2;HYOU1;ICAM1;IRF8;LIM2;MAP1LC3A;MIR155HG;MRTO4;NDFIP2;NEK6;NME1;PHLDA1;PIM3;PNO1;PRR5L;PUS1;RAMP1;RNF19A;RRP9;RRS1;SFXN4;SLAMF7;SNX8;SPATA13;STARD4;STX11;TIMM8A;TMEM120A;TNFRSF18;TNFRSF4;TNFRSF9;TRAF1;TSPAN17;UCK2,48,,,,
C8,M45765,NKT,HE_LIM_SUN_FETAL_LUNG_C4_CD56BRIGHT_NK_CELL,,CCL3L1;CXCR6;GZMK;KRT86;PDLIM1;TOX2,6,,,,
C8,M45773,NKT,HE_LIM_SUN_FETAL_LUNG_C4_NKT1_CELL,,BLK;CCR6;CXCR6;IGFBP4;IL23R;PHACTR2;RORC;SLC4A10;TRDV2,9,,,,
C8,M45774,NKT,HE_LIM_SUN_FETAL_LUNG_C4_NKT2_CELL,,COL6A2;CPNE2;CXCR3;DBN1;IFNG-AS1;IGFBP2;IGFBP4;PDCD1;SIRPG;TRDV2;TRG-AS1;ZNF683,12,,,,
C8,M41749,NK,RUBENSTEIN_SKELETAL_MUSCLE_NK_CELLS,,ABRACL;ACP1;ACTB;ACTG1;ACTR3;TLE5;AKR1C3;ALOX5AP;ANXA1;ARHGDIB;ARPC1B;ARPC2;ARPC3;ARPC5;ARPC5L;ATP5F1E;ATP5MC2;ATP5MG;ATP6V0E1;B2M;BIN2;BTG1;C11orf58;C12orf75;C1orf162;C1orf56;PAXX;CALM1;CAP1;CAPZB;CASP4;CCL3;CCL4;CCL5;CCND3;CD164;CD247;CD37;CD47;CD48;CD52;CD53;CD69;CD7;CD99;CDC42;CDC42SE1;CFL1;CIB1;CKLF;CLEC2B;CLIC1;CLIC3;CMC1;COPE;CORO1A;COX8A;CST7;CTSC;CTSD;CTSW;CUTA;CYBA;CYCS;DAZAP2;DBI;DDIT4;DHRS7;DOK2;DRAP1;EIF1;EIF3G;EIF4A1;EMP3;ENO1;ETS1;EVL;CYRIB;FCER1G;FCGR3A;FGFBP2;FLNA;FYB1;GADD45B;GHITM;GIMAP4;GLRX;GMFG;GNG2;GNLY;GPR65;GPSM3;GZMA;GZMB;GZMH;GZMM;H3-3B;HCST;HMGN1;HNRNPA1;HNRNPDL;HNRNPF;HOPX;HSPA5;HSPA8;ID2;IER2;IFITM2;IGF2R;IL2RB;IL2RG;ITGB2;JAK1;JUN;JUNB;KLRB1;KLRC1;KLRD1;KLRF1;LAPTM5;LCK;LCP1;LIMD2;LITAF;LSM14A;MSN;MT-CO1;MYL12A;MYOM2;NDUFA12;NDUFB11;NDUFB2;NDUFB3;NKG7;NPM1;OST4;OSTC;OSTF1;PABPC1;PARK7;PDIA3;PFN1;PLAC8;PLEK;PPP1CA;PPP1R18;PPP2R5C;PRELID1;PRF1;PRR13;PSMA7;PSMB9;PSME1;PSME2;PTGDR;PTMA;PTP4A2;PTPRC;PTPRCAP;PYHIN1;RAC2;RAP1B;PLAAT4;RBM3;RBM8A;RPL14;RPL15;RPL21;RPL23A;RPL27;RPL28;RPL36AL;RPL41;RPL6;RPLP1;RPS15A;RPS19;RPS2;RPS26;RPS27;RPS27A;RPS29;RPS3;RPS3A;RPSA;S100A4;SAMD3;SCP2;SEC11A;SELENOT;SERF2;SFT2D1;SH3BGRL3;SLC38A2;SNRPB;SNRPG;SPCS2;SPON2;SRGN;SSR2;STK17A;STK4;SUB1;TBC1D10C;TMA7;TMED2;SARAF;TMSB4X;TPM3;TPM4;TPST2;TRAPPC1;TSC22D3;TUBB;TYROBP;UBB;UBE2D2;UBE2D3;UBL5;UCP2;UFC1;VAMP8;XBP1;XCL2;YWHAZ;ZFP36L2,226,,,,
C8,M41687,NKT,TRAVAGLINI_LUNG_PROLIFERATING_NK_T_CELL,,AKR1C3;APMAP;APOBEC3B;ASF1B;ASPM;ATAD2;ATAD5;AURKB;BIRC5;BRCA2;C12orf75;C21orf58;CCDC167;CCNA2;CD160;CDC20;CDC25C;CDC45;CDCA3;CDCA8;CDK1;CDKN3;CDT1;CENPF;CENPH;CENPK;CENPM;CENPN;CENPU;CKS1B;CKS2;CLSPN;DCTN3;DHFR;DIAPH3;DNAJC9;DNMT1;DTL;DUSP2;DUT;E2F1;EBP;EZH2;FANCD2;FANCI;FEN1;FGFBP2;GGH;GINS2;GMNN;GNLY;GTSE1;GZMB;H2AZ2;H2AZ1;HELLS;HMGB1;HMGB2;HMGN2;HMGN3;HMMR;HPRT1;ICAM2;IDH2;IGFBP7;KIF14;KIF22;KIF2C;KLRF1;LSM5;MAD2L1;MCM10;MCM3;MCM4;MCM5;MCM6;MCM7;MELK;MKI67;MND1;MYBL2;NCAPH;NDC80;NUCB2;NUDT1;NUF2;OIP5;ORC6;PCNA;PKMYT1;POLQ;PPIA;PRSS23;PSMC3;PSMD8;PTMA;PXMP2;RAD51AP1;RAN;RANBP1;RCC1;RFC4;RPA3;RRM2;S1PR5;SH2D1B;SKA2;SKA3;SLBP;SMC2;SMC4;SNRNP25;SNRPB;STMN1;TACC3;TK1;TMEM106C;TOP2A;TPX2;TROAP;TUBA1B;TUBB4B;TUBG1;TYMS;UBE2C;UBE2T;DYNC2I2;ZNF367;ZWINT,129,,,,